Name,Latitude,Longitude,Providerprice1,neighborhood
Hotel Adlon Kempinski Berlin,52.5161171,13.38028622,477.86,unknown
Regent Berlin,52.51528549,13.39096069,381.1729,unknown
Waldorf Astoria Berlin,52.50579071,13.3327446,380.79,unknown
SO/ Berlin Das Stue,52.50969696,13.34616089,374.1998,Botschaftsviertel
Myer's Hotel - Berlin,52.53134155,13.41814137,265.6,Kollwitzkiez
Berlin Gorki Apartments,52.5306282,13.40147781,223.72,Spandauer Vorstadt
Hotel Berlin Central District,52.50735092,13.36361599,188.69,Botschaftsviertel
HONIGMOND Boutique Hotel,52.52958679,13.38912868,184.53,Spandauer Vorstadt
Hilton Berlin,52.51230621,13.39255047,182.78,unknown
Hotel Vita Berlin,52.50939178,13.26766968,178.64,unknown
Garden Living,52.52965546,13.38038063,175.29,unknown
"InterContinental Berlin, an IHG Hotel",52.5069313,13.34552479,171.2483,Botschaftsviertel
Guest-House Axel Springer,52.54129028,13.34757996,162.4,unknown
Hotel Bristol Berlin,52.50379562,13.3275156,160.38,unknown
25hours Hotel Bikini Berlin,52.50560379,13.33788872,160.27,unknown
Hotel Nikolai Residence,52.51724243,13.40637398,153.6,unknown
Pullman Berlin Schweizerhof,52.50586319,13.34406567,152.2243,unknown
Precise Tale Berlin Potsdamer Platz,52.50571823,13.38031006,151.1278,unknown
Hotel Neuer Fritz Berlin,52.52236938,13.38815784,141.86,unknown
DämeritzSeehotel,52.42499924,13.72618484,140.8,unknown
Landhaus Schlachtensee,52.43945694,13.22973633,138.66,unknown
Parkhotel Marzahn Garni,52.5450592,13.57186985,137.7,unknown
COSMO Hotel Berlin Mitte,52.5114975,13.40133858,137.6,unknown
Lulu Guldsmeden - Guldsmeden Hotels,52.50335312,13.36618328,134.37,unknown
Hotel Residenz Begaswinkel,52.50351715,13.35837841,133.33,Botschaftsviertel
Hotel Brandies,52.51016998,13.28086281,129.6,unknown
Ocak Apartment & Hotel,52.55085754,13.3915472,126.93,unknown
Sir Savigny Hotel,52.50575256,13.32067776,126.61,unknown
Hotel Essential by Dorint Berlin-Adlershof,52.43178558,13.53461933,125.65,unknown
LANDMARK eco Hotel,52.50193405,13.29690075,123.73,unknown
Mercure Hotel MOA Berlin,52.53193283,13.34366226,123.4913,unknown
Hotel Seifert,52.49956894,13.32496738,122.66,unknown
Meliá Berlin,52.52144623,13.38842773,122.4,unknown
NH Collection Berlin Mitte am Checkpoint Charlie,52.5103569,13.38852596,122.08,unknown
Motel One Berlin Spittelmarkt,52.51088333,13.40102005,122.08,unknown
SANA Berlin Hotel,52.49909592,13.3346014,120.7234,unknown
Scandic Berlin Potsdamer Platz,52.50465012,13.37496853,118.61,unknown
Mercure Hotel & Residenz Berlin Checkpoint Charlie,52.50853729,13.39331722,118.4,unknown
art'otel berlin mitte,52.51248169,13.41006947,117.6,unknown
Karlito Apartmenthaus,52.52882004,13.40513515,117.33,Scheunenviertel
Hotel 26,52.51235199,13.45141125,116.26,unknown
Hotel Rossi,52.52801895,13.36371517,116.26,unknown
Schlosspark Hotel,52.52227402,13.28972721,116.26,unknown
Movenpick Hotel Berlin,52.5038681,13.38047791,116.0393,unknown
Grimm’s Hotel,52.50849152,13.40503693,115.36,Luisenstadt
Henri Hotel,52.50097275,13.32857037,115.2,unknown
Michelberger Hotel,52.50469208,13.44779968,114.24,unknown
Vienna House Easy Berlin,52.52941513,13.45689106,114.24,Blumenviertel
"Hotel Indigo Berlin - Ku'Damm, an IHG Hotel",52.5080452,13.32816792,114.0166,unknown
Hotel Transit Loft,52.53142166,13.42522335,112.0,Winsviertel
Living Hotel Grosser Kurfuerst,52.51207733,13.40889454,110.93,unknown
Goodman's Living,52.5122261,13.30491447,110.5,unknown
Concorde Hotel Am Studio,52.50957108,13.27739429,110.4,unknown
Capri by Fraser Berlin,52.51397705,13.40509319,109.76,unknown
Augusta Hotel,52.50241089,13.32698536,108.64,unknown
Max Brown Hotel Ku'damm,52.49684525,13.3239584,107.57,unknown
Hampton by Hilton Berlin City West,52.504879,13.32596397,107.34,unknown
Novotel Berlin Am Tiergarten,52.51414871,13.33527946,106.458,unknown
Down Town Motel,52.43239975,13.60859966,105.6,unknown
Hotel Morgenland,52.43196106,13.30521965,105.6,unknown
Pentahotel Berlin-Koepenick,52.44386292,13.56960487,105.28,Spindlersfeld
"Holiday Inn Berlin Airport - Conf Centre, An IHG Hotel",52.38910294,13.49875832,105.07,Schönefeld
Hotel Blumenbach,52.54124832,13.55459023,104.34,unknown
LOGINN Hotel Berlin Airport,52.39880753,13.54131603,103.4365,unknown
Pension Peters,52.50555038,13.32352734,102.4,unknown
Yggotel Ravn,52.49577332,13.30349159,100.48,unknown
Hotel-Pension Bernstein,52.50056076,13.33691978,100.27,unknown
Select Hotel Gendarmenmarkt Berlin,52.51065063,13.39165592,99.59,unknown
Axel Hotel Berlin,52.4998436,13.34189224,99.37,unknown
Pension Absolut Berlin,52.55131149,13.41794205,99.2,Arnimkiez
Pension Guesthouse Berlin,52.54485703,13.4130373,96.91,Gleimviertel
Greet Berlin Alexanderplatz,52.5233345,13.41663265,96.3445,unknown
Mercure Hotel Chateau Berlin am Kurfuerstendamm,52.50053024,13.32144928,96.0,unknown
Hotel Kurfurst,52.50084686,13.31970119,95.9,unknown
Best Western Hotel Kantstrasse Berlin,52.50654984,13.30606174,95.24,unknown
Hampton by Hilton Berlin City Centre Alexanderplatz,52.52453232,13.41862011,95.2,unknown
INNSiDE by Meliá Berlin Mitte,52.53295135,13.38055229,95.2,unknown
Park Plaza Berlin,52.49975967,13.32250309,95.2,unknown
Mercure Hotel Berlin City,52.53047943,13.38172722,94.93,unknown
Novotel Berlin Mitte,52.51306534,13.40501785,94.8541,Fischerinsel
Select Hotel The Wall Berlin,52.50786591,13.38847065,94.01,unknown
Mercure Hotel Berlin Zentrum,52.49929428,13.34769154,93.6831,unknown
ALLEGRA Hotel Berlin Mitte,52.52210236,13.3847847,92.69,unknown
Gastehaus Pauline,52.50812912,13.23388004,92.16,unknown
Mercure Berlin Tempelhof,52.47853851,13.42694759,91.5539,Schillerkiez
ibis Styles Berlin Treptow,52.45875168,13.51294422,90.4787,unknown
B&B Hotel Berlin-Charlottenburg,52.51066208,13.29608631,89.6,unknown
Mercure Hotel Berlin Wittenbergplatz,52.50096893,13.34261036,89.5738,unknown
NH Berlin Alexanderplatz,52.5230217,13.43691158,89.49,Barnimkiez
Hollywood Media Hotel,52.50156403,13.32139778,88.95,unknown
Adagio Berlin Kurfurstendamm,52.49920654,13.3214159,88.3602,unknown
Old Town Hotel,52.53246307,13.42743015,88.32,Winsviertel
Novotel Suites Berlin City Potsdamer Platz Hotel,52.50458145,13.38332558,87.2955,unknown
Hotel Delta,52.50106812,13.36291695,85.33,Botschaftsviertel
Living Hotel Weißensee by Derag,52.55447006,13.45698738,85.33,unknown
Mercure Hotel Berlin City West,52.53577423,13.27304363,85.1664,unknown
Hotel City Green Berlin,52.41333389,13.56943893,85.12,unknown
Hotel-Pension Michele,52.49721146,13.35404968,83.2,unknown
B&B Hotel Berlin Alexanderplatz,52.51730728,13.41530704,81.76,unknown
Ibis Berlin City Potsdamer Platz,52.50472641,13.38411713,81.1849,unknown
Hotel Schoeneberg,52.48501587,13.3546133,81.07,Rote Insel
NH Berlin Potsdamer Platz,52.50173569,13.38572121,80.92,unknown
ibis Berlin Spandau Hotel,52.53321838,13.19820786,80.4823,unknown
Hotel Atlas Berlin,52.47830963,13.33061028,80.05,unknown
Come Inn Berlin Kurfurstendamm Opera,52.50029755,13.31221962,79.61,unknown
Ibis Berlin Mitte,52.52894211,13.41818523,79.5241,Kollwitzkiez
ibis Berlin City Süd,52.46097946,13.44442844,78.93,unknown
Ibis Styles Berlin City Ost,52.51280975,13.46634388,77.87,Samariterviertel
Ibis Berlin Ostbahnhof,52.50996017,13.42975998,77.6078,unknown
MEININGER Hotel Berlin Airport,52.39673233,13.54053688,77.33,unknown
fjord hotel berlin,52.50333405,13.37038326,77.28,unknown
Die Botschaft,52.48408127,13.52577972,77.07,unknown
DORMERO Hotel Berlin Ku'damm,52.50070953,13.33379745,77.07,unknown
Best Western Plus Plaza Berlin Kurfuerstendamm,52.50186539,13.32244301,76.8,unknown
Hotel ibis Berlin City Nord,52.57459259,13.35832214,76.6498,unknown
Hotel Mit-Mensch,52.48160934,13.51707554,76.61,Prinzenviertel
Hotel Ibis Berlin Hauptbahnhof,52.5268631,13.36970901,75.84,unknown
Hotel NOVA,52.50941849,13.49794865,75.73,unknown
ibis Berlin Messe,52.50667191,13.28034019,75.6916,unknown
Ibis Styles Berlin Mitte,52.53006744,13.40110302,75.6916,Spandauer Vorstadt
Ibis Berlin City West,52.48897552,13.31631947,75.6916,unknown
AZIMUT Hotel Kurfuerstendamm Berlin,52.50469589,13.33197212,75.09,unknown
ibis Berlin Kurfuerstendamm Hotel,52.50251007,13.34443092,74.7335,unknown
Art-Hotel Charlottenburger Hof,52.50540161,13.30176258,73.42,unknown
CALMA Berlin Mitte,52.52640533,13.39002419,72.8,Spandauer Vorstadt
Huttenpalast,52.48928833,13.42591381,72.8,Reuterkiez
Select Hotel Checkpoint Charlie Berlin,52.50316238,13.38928795,72.3915,unknown
B&B Hotel Berlin-Tiergarten,52.51429749,13.33113194,71.68,unknown
MEININGER Hotel Berlin Alexanderplatz,52.53294373,13.41296196,70.93,Kollwitzkiez
Hotel Luetzow,52.50611115,13.34793854,70.4,Botschaftsviertel
Hotel Gat Point Charlie,52.50896835,13.3883009,66.53,unknown
ibis budget Berlin City Potsdamer Platz,52.50482559,13.38448334,66.334,unknown
Ibis Budget Berlin Alexanderplatz,52.52511978,13.4212389,66.1104,unknown
Motel Plus Berlin,52.46725082,13.43747139,66.08,unknown
Atrium Charlottenburg Hotel,52.50600052,13.3024168,64.76,unknown
Hotel Abendstern,52.50572586,13.30427265,64.32,unknown
Leonardo Hotel Berlin KU'DAMM,52.50260925,13.32384396,63.5,unknown
Upper Room Hotel,52.50340271,13.33429432,58.67,unknown
Ibis Budget Berlin Kurfurstendamm,52.50283813,13.3445158,58.4135,unknown
Meininger Hotel Berlin Hauptbahnhof,52.52419281,13.3685379,57.07,unknown
Hotel Ambiente Berlin City,52.49646378,13.34790134,55.73,unknown
Atrium Hotel Berlin,52.49348068,13.3351717,53.59,unknown
Hotel de Rome,52.51576233,13.39402294,,unknown
"The Ritz-Carlton, Berlin",52.51013184,13.37541962,,unknown
Schlosshotel Berlin by Patrick Hellmann,52.48011017,13.27421379,,unknown
"Hotel Luc, Autograph Collection",52.51448822,13.39090729,,unknown
The Mandala Hotel,52.50901413,13.37355804,,unknown
The Westin Grand Berlin,52.51578903,13.38884926,,unknown
Berlin Marriott Hotel,52.5108757,13.37637615,,unknown
Hotel Palace Berlin,52.50496292,13.33863831,,unknown
"Hotel am Steinplatz, Autograph Collection",52.50805664,13.3263464,,unknown
Casa Camper Berlin,52.52577972,13.40405273,,Scheunenviertel
Hotel Zoo Berlin,52.50362396,13.32909489,,unknown
Wilde Aparthotels by Staycity - Checkpoint Charlie Berlin,52.50758362,13.38754559,,unknown
Centrovital Hotel Berlin,52.54677582,13.21070957,,unknown
Dorint Kurfürstendamm Berlin,52.50262833,13.33197975,,unknown
Hampton by Hilton Berlin City East Side Gallery,52.50492096,13.44100571,,unknown
Titanic Gendarmenmarkt Berlin,52.5151825,13.39465141,,unknown
Lindner Hotel Am Ku'damm,52.50390625,13.32973576,,unknown
Provocateur Berlin,52.4944458,13.30947971,,unknown
numa l Belfort Rooms & Apartments,52.53248978,13.41879654,,Kollwitzkiez
Adina Apartment Hotel Berlin Checkpoint Charlie,52.50978088,13.39747334,,unknown
The Weinmeister,52.52561951,13.40438271,,Scheunenviertel
ARCOTEL John F Berlin,52.51527786,13.39777279,,unknown
New Berlin,52.52445221,13.44845963,,Hausburgviertel
Feng Shui Hotel Melarose,52.53395844,13.43029308,,Winsviertel
AMERON Berlin ABION Spreebogen Waterside,52.52285385,13.34609413,,unknown
Estrel Berlin,52.47354507,13.45913124,,Weiße Siedlung
Klassik Hotel,52.50849915,13.45129585,,unknown
Seminaris CampusHotel Berlin,52.45708466,13.29363632,,unknown
Titanic Chausse Berlin,52.53222275,13.38100338,,unknown
Ku' Damm 101,52.4983902,13.29625607,,unknown
"Holiday Inn Express Berlin - Alexanderplatz, an IHG Hotel",52.51572418,13.41209316,,unknown
H4 Hotel Berlin Alexanderplatz,52.52542877,13.41464424,,unknown
Hotel Helle Mitte,52.53751373,13.60380077,,unknown
Air in Berlin Hotel,52.50424576,13.34191608,,unknown
Adele Designhotel Berlin,52.52972031,13.42500019,,Winsviertel
City Hotel Am Kurfurstendamm,52.5001297,13.30962753,,unknown
Quentin XL Potsdamer Platz,52.50405121,13.366189,,unknown
Titanic Comfort Mitte,52.51019669,13.40411282,,Luisenstadt
Hotel ZOE by AMANO,52.52305222,13.40102482,,Spandauer Vorstadt
Hotel AMANO East Side,52.5096283,13.43117046,,unknown
Hotel AMANO Grand Central,52.52717209,13.37035847,,unknown
numa I Arc Rooms & Apartments,52.50471115,13.39121723,,unknown
Hotel MANI by AMANO,52.52933502,13.39967918,,Spandauer Vorstadt
Lux 11,52.5245018,13.40981579,,Scheunenviertel
Eurostars Berlin Hotel,52.52033234,13.38952446,,Spandauer Vorstadt
"Hotel Indigo Berlin - East Side Gallery, an IHG hotel",52.5047493,13.44173336,,unknown
"Crowne Plaza Berlin City Centre Ku'Damm, an IHG Hotel",52.50392151,13.34052181,,unknown
Aspria Berlin Ku'damm,52.50056839,13.2944088,,unknown
Courtyard by Marriott Berlin City Center,52.50972748,13.39993572,,unknown
NH Collection Berlin Friedrichstrasse,52.51964188,13.38873768,,unknown
Motel One Berlin-Alexanderplatz,52.51964569,13.41228485,,unknown
Motel One Berlin-Hackescher Markt,52.52310562,13.40869999,,Spandauer Vorstadt
"Hotel Berlin, Berlin",52.50392914,13.35186958,,Botschaftsviertel
Adina Apartment Hotel Berlin Hackescher Markt,52.52227783,13.40410137,,Spandauer Vorstadt
Relexa Hotel Stuttgarter Hof,52.50493622,13.38498783,,unknown
Adina Apartment Hotel Berlin Mitte,52.52840042,13.37800789,,unknown
"Crowne Plaza Berlin - Potsdamer Platz, an IHG Hotel",52.50164032,13.38263226,,unknown
Park Inn by Radisson Berlin Alexanderplatz Hotel,52.52296448,13.41304588,,unknown
Scandic Berlin Kurfurstendamm,52.50011444,13.33830738,,unknown
The Circus Hostel,52.53012085,13.40168285,,Spandauer Vorstadt
H2 Hotel Berlin Alexanderplatz,52.52519608,13.41430855,,unknown
Select Hotel Spiegelturm Berlin,52.53253174,13.2101469,,unknown
H10 Berlin Ku'damm,52.50201035,13.33133984,,unknown
Pestana Berlin Tiergarten,52.50838852,13.34876537,,Botschaftsviertel
Alex Hotel,52.52863312,13.42473984,,Winsviertel
Kiez Hostel Berlin,52.5097847,13.44750881,,unknown
"Holiday Inn Berlin - City East Side, an IHG hotel",52.50484467,13.4445076,,unknown
nhow Berlin,52.50121689,13.45071125,,unknown
Victor's Residenz Hotel Berlin,52.52888489,13.42920303,,Bötzowkiez
Monbijou Hotel,52.52306366,13.40011883,,Spandauer Vorstadt
Singer109 Backpacker Apartment Hostel,52.51670456,13.42557907,,unknown
Ludwig Van Beethoven Hotel,52.48774338,13.42088985,,unknown
Mondrian Suites Berlin,52.50622177,13.39540291,,unknown
Hotel Riu Plaza Berlin,52.50040817,13.34652042,,unknown
AMANO Home,52.52850342,13.40951443,,Scheunenviertel
limehome Berlin Prenzlauer Allee,52.53026962,13.41849518,,Winsviertel
NH Berlin Kurfurstendamm,52.50399017,13.32419968,,unknown
Moxy Berlin Ostbahnhof,52.51095963,13.43029976,,unknown
the niu Dwarf,52.47859955,13.35352993,,Rote Insel
IntercityHotel Berlin Hauptbahnhof,52.52363968,13.36689472,,unknown
Hyperion Hotel Berlin,52.49376678,13.3332901,,unknown
Leonardo Hotel Berlin Mitte,52.52274323,13.38610363,,unknown
Novum Hotel City B,52.49763489,13.36221218,,unknown
Leonardo Royal Hotel Berlin Alexanderplatz,52.52722168,13.42348003,,Barnimkiez
Hotel Goldmarie,52.50935364,13.45167828,,unknown
Schulz Hotel Berlin Wall,52.50841141,13.43427944,,unknown
Catalonia Berlin Mitte,52.51118088,13.41589642,,Luisenstadt
numa l Sketch Rooms & Apartments,52.51176453,13.45587158,,Samariterviertel
Hotel-Pension Cortina,52.50587082,13.31910324,,unknown
Best Western Hotel Am Spittelmarkt,52.51009369,13.4052887,,Luisenstadt
Best Western Hotel Berlin-Mitte,52.52367401,13.38379383,,unknown
TWO Hotel Berlin by Axel,52.49035263,13.3306427,,unknown
Novum Hotel Kronprinz Berlin,52.49729919,13.28714848,,unknown
SORAT Hotel Berlin,52.5033989,13.34432602,,unknown
NH Berlin City Ost,52.51359558,13.48193645,,unknown
"Holiday Inn Express Berlin City Centre, an IHG Hotel",52.50190353,13.38524914,,unknown
Victor's Residenz-Hotel Berlin-Tegel,52.56232071,13.35484219,,unknown
Good Morning + Berlin City East,52.52204132,13.48512936,,unknown
aletto Hotel Potsdamer Platz,52.50005722,13.37598991,,unknown
IntercityHotel Berlin Ostbahnhof,52.51015472,13.43348503,,unknown
Novum Hotel Aldea Berlin Centrum,52.49791336,13.36040974,,unknown
Leonardo Hotel Berlin,52.51273727,13.30468178,,unknown
Comfort Hotel Lichtenberg,52.53360748,13.51791954,,unknown
Pension ABC,52.49944305,13.3653574,,unknown
City Hotel Berlin East,52.53358078,13.47774506,,Fennpfuhl
St. Christopher's Inn Berlin,52.52680588,13.41078091,,Scheunenviertel
The Social Hub Berlin,52.5176506,13.41828346,,unknown
aletto Hotel Kudamm,52.50647736,13.3296423,,unknown
Hostel 199,52.53063965,13.44365025,,Grüne Stadt
Hotel Romy By Amano,52.52708817,13.37042046,,unknown
Hotel Bleibtreu Berlin by Golden Tulip,52.50017166,13.31940746,,unknown
Hotel Amano,52.52823639,13.40270233,,Scheunenviertel
Arte Luise Kunsthotel,52.52168655,13.37951279,,unknown
Alper Hotel am Potsdamer Platz,52.50344467,13.36586094,,unknown
LINDEMANN'S,52.49371338,13.36133099,,unknown
Generator Berlin Prenzlauer Berg,52.52967453,13.45556259,,Blumenviertel
Europa City Hotel,52.49781799,13.31196213,,unknown
a&o Berlin Mitte,52.50876236,13.42423916,,Luisenstadt
12 Monkeys Hostel Alexanderplatz,52.53170013,13.42835045,,Winsviertel
1st Floor Hostel,52.50468063,13.46914959,,unknown
1stfloor Hostel Berlin,52.50468063,13.46914959,,unknown
2 Independent Luxury Lofts Side by Side,52.53138733,13.37561035,,unknown
21apart Space Mitte Spree,52.52283859,13.38685989,,unknown
2A Hostel,52.46976471,13.44401646,,Richardkiez
36 Rooms Hostel,52.49839783,13.43124962,,Luisenstadt
6rooms,52.52085876,13.32040977,,unknown
A I Hotel Koenigshof,52.50559235,13.30458832,,unknown
A&B Apartment & Boardinghouse,52.49464798,13.43841267,,Luisenstadt
A&B Apartment & Boardinghouse Berlin,52.50260925,13.38864994,,unknown
a&o Berlin Central Station,52.52910614,13.36367989,,unknown
a&o Berlin Friedrichshain,52.50705338,13.46908092,,unknown
a&o Berlin Kolumbus,52.53920746,13.49824429,,unknown
A25 Hotel,52.5138588,13.59084797,,unknown
A25Hotel,52.61024475,13.47448254,,unknown
AapHotel,52.52515411,13.53031731,,Friedrichsfelde Ost
ABACUS Tierpark Hotel,52.50039291,13.520751,,unknown
Abba Berlin Hotel,52.49969482,13.32143402,,unknown
ABM Berlin,52.51115036,13.39517975,,unknown
about:berlin Hotel,52.50367737,13.33882427,,unknown
AC Hotel by Marriott Berlin Humboldthain Park,52.54947281,13.38417435,,unknown
Acama Kreuzberg Hotel+Hostel,52.49813461,13.3865509,,unknown
Acama Schöneberg Hotel+Hostel,52.48949814,13.34697628,,unknown
Accordo Hotel Apartmenthaus,52.51858902,13.49777031,,unknown
Ackselhaus,52.532444,13.41878891,,Kollwitzkiez
acora Berlin Living the City,52.51986313,13.32621193,,unknown
Act of Balance Boardinghouse,52.49473953,13.43375015,,Luisenstadt
Adapt Apartments Berlin,52.4327507,13.53200531,,unknown
ADELANTE Boutique Hotel,52.52825928,13.39115238,,Spandauer Vorstadt
Adlernest Pension,52.41191101,13.57577038,,unknown
Aeronaut powered by Pearl 1 Living and Yachting Hospitality,52.48056793,13.42574024,,Schillerkiez
Aga's Hotel,52.5162468,13.51977062,,unknown
Airporthotel Berlin-Adlershof,52.43218613,13.53439713,,unknown
Akademie Hotel Berlin,52.57235336,13.39375877,,unknown
Alaska Hostel,52.51808167,13.2789402,,unknown
Albrechtshof Hotel & Resaturant,52.52212524,13.38440037,,unknown
Alcatraz Backpacker Hostel,52.54453278,13.41221142,,Gleimviertel
Alecsa Hotel am Olympiastadion,52.51066589,13.22109413,,unknown
Alex Suite Berlin,52.50133896,13.34965992,,unknown
Alexander Suite,52.52550125,13.4176302,,unknown
Alexanderplatz Apartments,52.52275085,13.41106319,,unknown
Alitania Apartments-Potsdamer Platz,52.50759888,13.37310982,,unknown
All In Hostel,52.51120377,13.45564842,,Samariterviertel
Allee Apartments,52.51752853,13.47008991,,Samariterviertel
Allee Apartments Prenzlauer Berg,52.56277084,13.41327,,unknown
Allee-Hotel Berlin,52.4864006,13.53489971,,unknown
All-In-One,52.49930954,13.40513992,,Luisenstadt
Almodovar Hotel,52.50881195,13.46629047,,unknown
Altstadt Spandau,52.53679276,13.20664787,,unknown
Am Buschkrugpark,52.45449448,13.45127964,,unknown
Am Olivaer Platz,52.50215149,13.31309414,,unknown
Amadeus am Kurfuerstendamm,52.50215149,13.30579853,,unknown
Amanda,52.59548569,13.34796619,,unknown
Amary City Residence,52.50979996,13.3012104,,unknown
Amaryl City-Hotel am Kurfuerstendamm,52.50011063,13.32415009,,unknown
Amaya Motel,52.46738052,13.44108009,,Richardkiez
AMBER ECONTEL HOTEL Berlin-Charlottenburg,52.52355957,13.30648994,,unknown
Ambiente Apart,52.53722,13.42241001,,Kollwitzkiez
AMC Apartments,52.50115585,13.33079815,,unknown
AMC Apartments - Bundesallee,52.49415588,13.33121586,,unknown
Amc Hotel - Schoneberg,52.49750137,13.33889961,,unknown
Amelie Messe ICC,52.51015091,13.28013039,,unknown
Ameron Berlin Villa Abion,52.52274323,13.34665585,,unknown
Ameron Boutique Hotel Villa Abion Berlin,52.52275085,13.34692001,,unknown
Amstel House Hostel,52.5283699,13.33679008,,unknown
Anna 1908,52.46537018,13.32623386,,unknown
Annabanana Hostel,52.54454041,13.41217995,,Gleimviertel
Ao Hostel Am Zoo,52.50598145,13.33181,,unknown
Apardo Hostel,52.46839142,13.38521004,,unknown
Aparion Berlin,52.42938232,13.30106068,,Schweizer Viertel
Aparion Berlin Family,52.42948151,13.30023956,,Schweizer Viertel
Aparotel Hotel,52.52613831,13.30095959,,unknown
Apart Hotel Stein,52.4137001,13.40202999,,unknown
Apartcity-Serviced Apartments Hotel,52.50989914,13.2761898,,unknown
Aparthotel Berlin Schonefeld,52.39884186,13.54080963,,unknown
Aparthotel Christie,52.50011826,13.35217857,,unknown
ApartHotel Landhaus Lichterfelde,52.43899155,13.30074024,,unknown
Aparthotel Obergfell,52.41107941,13.40275002,,unknown
Aparthotel Residenz 2000,52.44524002,13.29345036,,unknown
Aparthotel Thuringer Hof,52.48056793,13.43524361,,Donaukiez
Aparthotel Vega,52.50443649,13.32573318,,unknown
Apartment Absolut,52.51065063,13.40861034,,Luisenstadt
Apartment am Sony Center,52.50967026,13.37273979,,unknown
Apartment Charlottenburg,52.50500107,13.30053043,,unknown
Apartment Engel,52.50637817,13.41697979,,Luisenstadt
Apartment Hotel Dahlem,52.45370102,13.27295971,,unknown
Apartment Hotel Wittenau,52.60034561,13.3319397,,unknown
Apartment im Opernviertel,52.51343918,13.31250954,,unknown
Apartment in Friedrichshain,52.51414108,13.45890999,,Samariterviertel
Apartment Oldenburger Strasse,52.52920151,13.33615017,,unknown
Apartment Prenzlauer Berg Ii,52.53483963,13.42380047,,Winsviertel
Apartment Schmidt,52.48509979,13.42873478,,Flughafenkiez
Apartment Steglitz-Zehlendorf,52.43481827,13.30741024,,unknown
Apartment Warmbrunner,52.48580933,13.29514027,,unknown
Apartment Winsstr. 68,52.53200912,13.4233799,,Winsviertel
Apartmenthaus Berlin-Holiday,52.49478149,13.30465031,,unknown
Apartmenthaus Gruenes Berlin,52.4432106,13.55200005,,unknown
Apartmenthaus Petunie,52.43067932,13.49118996,,unknown
Apartmenthaus Sybille Hecke,52.51171875,13.29160976,,unknown
Apartmenthaus Tegel,52.59809113,13.27606964,,unknown
Apartmenthouse Berlin,52.49475098,13.43840408,,Luisenstadt
Apartments Am Alexanderplatz,52.5242691,13.41771984,,unknown
Apartments am Brandenburger Tor,52.51434708,13.38116741,,unknown
Apartments am Checkpoint Charlie,52.50820923,13.39196968,,unknown
Apartments Am Kurfurstendamm,52.50281906,13.31896973,,unknown
Apartments at Warschauer,52.51303101,13.45189953,,unknown
Apartments Central Berlin,52.49045944,13.33450031,,unknown
Apartments Dahlie & Nelke,52.44380951,13.30856991,,unknown
Apartments Elpilar Wedding,52.54896164,13.36849022,,Leopoldkiez
Apartments Friedrich,52.50782013,13.46708965,,unknown
Apartments im Szenebezirk von Prenzlauer Berg,52.54061127,13.41880035,,Helmholtzkiez
Apartments im Zentrum Berlin,52.52500916,13.38698006,,unknown
Apartments in Neukolln,52.47216034,13.44048023,,Richardkiez
Apartments in Wilmersdorf/ Schoneberg,52.47883987,13.33242035,,unknown
Apartments Maison Am Olivaer Platz,52.50220108,13.31285954,,unknown
Apartments Mitte Residence,52.51293945,13.40318012,,unknown
Apartments Mitte-Inn Berlin,52.52260971,13.38434982,,unknown
Apartments Nahe Hauptbahnhof,52.52442932,13.36983967,,unknown
Apartments Prens Berlin-Mitte,52.56061935,13.37617016,,unknown
Apartments Residenz Prenzelberg,52.53910828,13.40528965,,unknown
Apartments Rose & Sonnenblume,52.46405029,13.41761971,,unknown
Apartments Rosenthal Residence,52.52912903,13.40191746,,Spandauer Vorstadt
Apartments Rummelsburger Bucht Am Ostkreuz,52.50064087,13.47630978,,unknown
Apartments Schoneberg,52.46868896,13.3865099,,unknown
Apartments Tempelhof,52.44852066,13.3854599,,unknown
Apart-Pension Gilka,52.53707123,13.42854977,,Winsviertel
Apart-West,52.49554825,13.30478001,,unknown
Appartement Hackescher Markt,52.52270889,13.40122032,,Spandauer Vorstadt
Appartment Neue Schonhauser Strasse,52.52455902,13.40345001,,Scheunenviertel
Apple City Hotel,52.52682877,13.34117699,,unknown
Arabel Design Apartments,52.50195313,13.36494446,,Botschaftsviertel
Arcadia Hotel Berlin,52.51504898,13.46813011,,Samariterviertel
ARCOTEL Velvet,52.5259285,13.38832188,,unknown
Arcus Hotel,52.51697159,13.17576027,,unknown
Ariadna Apart Hotel,52.55109024,13.46407986,,unknown
Arktur City Hotel,52.51634979,13.31084156,,unknown
Armony Hotel & Business Center,52.50453949,13.42683983,,Luisenstadt
Art Apartments,52.53180695,13.38196754,,unknown
Arta Lenz Hotel,52.49900055,13.31056976,,unknown
art'appart - berlin suiten,52.50873184,13.30902004,,unknown
art'appart Kempinski Plaza,52.50362015,13.32567978,,unknown
ArtHotel Connection,52.49907684,13.34235382,,unknown
Artist Hotel-Pension Die Loge,52.52682114,13.38737011,,unknown
Arwobau,52.50114059,13.37786007,,unknown
AS Apartmenthaus,52.5527916,13.40876007,,Arnimkiez
Astrid Hotel am Kurfurstendamm,52.50222778,13.31954002,,unknown
Atel Atlanta Am Kurfurstendamm,52.50238037,13.32756996,,unknown
Avantgarde Hotel,52.50431061,13.33240986,,unknown
AZIMUT Hotel City South Berlin,52.43670273,13.46451759,,unknown
Azur,52.51042938,13.59142017,,unknown
B! Apartments,52.53302765,13.39522171,,unknown
B&B Hotel Berlin City-Ost,52.51485062,13.46598244,,Samariterviertel
B&B Hotel Berlin-Potsdamer Platz,52.50283051,13.36472321,,unknown
B&O Aparthostel,52.49113083,13.28514957,,unknown
BA Bardot Apartments,52.53442001,13.42099953,,Winsviertel
BackpackerBerlin,52.50883484,13.46214008,,unknown
Backpacker's Paradise,52.59500122,13.2906599,,unknown
Badstrasse Apartments,52.55286026,13.37847996,,unknown
Baerliner Pension,52.51057053,13.50349045,,Weitlingkiez
Ballhaus Berlin Hostel,52.53209305,13.38024235,,unknown
Bananas Berlin Gay Guesthouse,52.49701691,13.34358978,,unknown
Bandelstr. 3,52.52703094,13.35009956,,unknown
Basic Berlin,52.42675018,13.34607983,,unknown
baxpax Kreuzberg Hostel Berlin,52.49959946,13.4276371,,Luisenstadt
baxpax Mitte Hostel,52.53208542,13.3803196,,unknown
BB Hotel,52.49880981,13.34677982,,unknown
BBR - Bed & Pop DDR,52.51535034,13.45569992,,Samariterviertel
Bearlin City Apartment Olivaerplatz,52.49951172,13.31249046,,unknown
Bearlin City Apartments,52.49951172,13.31249046,,unknown
Bearlin City Apartments - City Center East,52.52539825,13.39192009,,Spandauer Vorstadt
Bed & Breakfast Barbara Behrends,52.50677109,13.31424046,,unknown
Bed'n'Work Apartments Friedrichshain,52.51382065,13.46249962,,Samariterviertel
Bedstop Hostel Berlin,52.520401,13.28617954,,unknown
Bel Air,52.61022186,13.47461033,,unknown
bel etage BIO- Gastehaus Berlin,52.49742889,13.39507961,,unknown
BelAhr am Potsdamer Platz,52.50563812,13.38035011,,unknown
Belle Etage am Lietzensee,52.50738907,13.28911972,,unknown
Bensimon,52.5366745,13.41077137,,Kollwitzkiez
Bensimon Apartments,52.53282928,13.32691956,,unknown
Berlin Apartment Duncker,52.54428101,13.4221096,,Helmholtzkiez
Berlin Apartments Mitte,52.53148651,13.3814888,,unknown
Berlin Base Apartments,52.49337006,13.43706989,,Luisenstadt
Berlin Base Apartments,52.55215073,13.41193962,,Arnimkiez
Berlin Berlin Prvat Hotel,52.52473831,13.32880974,,unknown
Berlin Boutique Hostel,52.49282837,13.38967991,,unknown
Berlin Center Panorama,52.51055908,13.39134979,,unknown
Berlin City Guesthouse,52.52743912,13.33014011,,unknown
Berlin Cribs Mitte,52.52228928,13.40501976,,Spandauer Vorstadt
Berlin Grand Apartment,52.48186111,13.34895992,,unknown
Berlin Habitat,52.53080368,13.40006447,,Spandauer Vorstadt
Berlin Heart Apartments,52.51369858,13.40190983,,unknown
Berlin Holiday Apartments near Central Station,52.52957153,13.38002968,,unknown
Berlin Hostel,52.52508926,13.53118992,,Friedrichsfelde Ost
Berlin Mark Hotel,52.50072861,13.32913017,,unknown
Berlin Place,52.51932907,13.46613026,,Samariterviertel
Berlin Plaza Hotel,52.50131226,13.32179356,,unknown
Berlin Style Apartments,52.48537827,13.42448044,,Flughafenkiez
Berlin Style Apartments - Schonholzer Strasse,52.53813934,13.39902973,,unknown
Berlin Wedding,52.54896164,13.36849022,,Leopoldkiez
Berlin14,52.49393845,13.35173035,,unknown
Berlin-Apartments,52.53702164,13.39601994,,unknown
Berlinapartments-Downtown,52.55548096,13.37485027,,unknown
Berliner Bed & Breakfast,52.48939896,13.36170006,,Rote Insel
Berliner City Pension Uhlandstrasse,52.49345016,13.32386017,,unknown
berliner-zimmer Schokofabrik,52.49420166,13.42387962,,Reuterkiez
Berlin-Kurf Rstendamm,52.50064087,13.31906986,,unknown
BerlinLofts,52.53362274,13.35184097,,unknown
BerlinLux Apartments,52.50920868,13.42385006,,Luisenstadt
BerlinLux Apartments - City West,52.47822952,13.32452965,,unknown
BerlinLux Apartments - Friedrichshain,52.52003098,13.44960022,,Hausburgviertel
BerlinLux Apartments - Gitschiner,52.49863815,13.40954971,,Luisenstadt
Berlins City Hostel,52.44524002,13.29345036,,unknown
Best Western Hotel City Ost,52.51482773,13.46614838,,Samariterviertel
Big City Hostel,52.46884155,13.38523006,,unknown
BIG MAMA Berlin,52.55823135,13.38018703,,Soldiner Kiez
Birth City Hotel,52.50614166,13.30210018,,unknown
BlnCty Hotel,52.51181412,13.38088989,,unknown
BNB Hostel,52.49713135,13.38057041,,unknown
BNB Potsdamer Platz,52.49654388,13.38015461,,unknown
Bolgerini Inn,52.5158577,13.46015739,,Samariterviertel
Bonus Feature GmbH,52.53210831,13.41602039,,Kollwitzkiez
Bonverde,52.42127228,13.17884064,,unknown
Boutique Hotel Fahrhaus,52.57307816,13.22354031,,unknown
Boutique Hotel Kerlin,52.49842834,13.31690884,,unknown
Box 61,52.50622177,13.46988964,,unknown
Boyen Boheme Apartments,52.53770828,13.37293434,,unknown
Brandenburg Gate Hostel,52.51184845,13.38375473,,unknown
Brauhaus Spandau,52.54066467,13.20666695,,unknown
Bright Berlin - Prime Apartments,52.50521088,13.37771988,,unknown
Brilliant Apartments,52.53977966,13.40619373,,Kollwitzkiez
Brunnen Apartments - Engelfittich,52.53671646,13.39653778,,unknown
Burgerpark Apartments,52.57155609,13.4002924,,unknown
Buroma Apart Suites,52.50207901,13.32437038,,unknown
Buroma-Apart Suites,52.45766068,13.37804985,,unknown
Businesshotel Berlin,52.58909225,13.43069744,,unknown
CAB City Apartments Perleberger Strasse,52.53168869,13.34862041,,unknown
Camping Platz Berlin-Gatow,52.46596146,13.16419983,,unknown
Campingplatz Krossinsee,52.37014008,13.68420982,,unknown
Casa Boardinghouse,52.50563812,13.38035011,,unknown
Casa Schmuck,52.51486969,13.17669964,,unknown
Cat's Pajamas,52.48839569,13.4239521,,unknown
Central Apartments Berlin,52.52481079,13.40375996,,Scheunenviertel
Central Home - Self Check In,52.53538895,13.43747044,,Grüne Stadt
Central Hostel Berlin,52.54282761,13.43892574,,unknown
Central-Hotel Tegel,52.57597351,13.2952528,,unknown
Centro Hotel Berlin City West,52.49363327,13.31989193,,unknown
Charleston House Berlin,52.53578949,13.42074966,,Kollwitzkiez
Check In Hostel,52.50553131,13.39440727,,unknown
Check In Hotel,52.45586395,13.51093769,,unknown
Chimaysaberlin B&B,52.51889038,13.30088997,,unknown
Christians Bed and Breakfast,52.5791893,13.42821026,,unknown
Cinderella Hotel & Cafe,52.49114227,13.38730907,,unknown
Citadines Kurfürstendamm Berlin,52.49904633,13.31271172,,unknown
City 54 Hotel & Hostel,52.53583145,13.3768301,,unknown
City Apartment Vermietung,52.50934982,13.39181042,,unknown
City Apartments Am Regierungsvi,52.51205826,13.38411045,,unknown
City Apartments Berlin,52.47101974,13.33442974,,unknown
City Apartments Friedrichshain,52.51330185,13.45339966,,unknown
City Appartements Bismarckstrasse,52.51224899,13.3112402,,unknown
City Bed,52.50056839,13.32962036,,unknown
City Center Checkpoint,52.51055908,13.39134979,,unknown
City Gallery Berlin Hotel,52.53157043,13.61485004,,unknown
City Guesthouse Pension Berlin,52.54735947,13.41127968,,Gleimviertel
City Holiday Apartments Berlin,52.56201172,13.42502975,,unknown
City Hotel Ansbach,52.50436401,13.3430233,,unknown
City Hotel Gotland,52.49380875,13.4049902,,unknown
City Inn,52.48186111,13.34895992,,unknown
City Landmark Of Friedrichstrasse,52.50252914,13.39136982,,unknown
City Loft Apartments,52.50923157,13.40513039,,Luisenstadt
City Oase,52.55334091,13.43723011,,unknown
City Partner Hotel Astoria,52.50769043,13.32800007,,unknown
City Pension Berlin,52.5057106,13.30397034,,unknown
City Pension Sanader,52.44832993,13.38490009,,unknown
City Quartier,52.53808975,13.39885998,,unknown
City Quartier,52.53229141,13.42138004,,Winsviertel
City Room Berlin,52.54584885,13.41335964,,Gleimviertel
City Stop Berlin,52.50012207,13.36275387,,unknown
City-Apartment Berlin Charlottenburg,52.51091003,13.27908993,,unknown
City-Apartments am Park,52.5718689,13.39826012,,unknown
CityArt Hotel,52.50460052,13.31217003,,unknown
Cityflair Apartments,52.50902176,13.5039196,,Weitlingkiez
Cityhotel Am Gendarmenmarkt,52.51099396,13.39349365,,unknown
Citylight Hotel,52.54892731,13.38226414,,unknown
Citystay Mitte,52.52113342,13.40542603,,Spandauer Vorstadt
Classic Apartment,52.49502945,13.30473995,,unknown
Classik Hotel Alexander Plaza Berlin,52.52164841,13.40426064,,Spandauer Vorstadt
Classik Hotel Hackescher Markt,52.52334595,13.40129375,,Spandauer Vorstadt
Claudi's Cottage,52.57149124,13.37839985,,unknown
Clipper Boardinghouse Berlin-Gendarmenmarkt,52.51583481,13.39011192,,unknown
Club Lodges Berlin Mitte,52.53342056,13.38422012,,unknown
Colorblind Berlin,52.5170784,13.32052994,,unknown
Come 2 Friends Apartmenthaus,52.49559021,13.36087036,,unknown
Comebackpackers,52.49968338,13.4179306,,Luisenstadt
Comet Hotel,52.5,13.3102417,,unknown
Comfort Hotel Alter Markt,52.44517899,13.57872963,,unknown
Concorde Forsthaus,52.40517044,13.14080048,,unknown
Corner Hostel Berlin,52.55361176,13.40602016,,Arnimkiez
Country Pension Henschel,52.48323822,13.59653759,,unknown
Cozy Houseboat Wannsee,52.42084122,13.17144012,,unknown
Cozy Room,52.53361893,13.37957001,,unknown
CUBE Lodges Berlin Mitte,52.53354263,13.38420773,,unknown
Dark Hostel,52.51792145,13.47169971,,Samariterviertel
Das Andere Haus VIII,52.49355316,13.48579979,,unknown
Das Kleine Ferienhaus,52.61109924,13.47202969,,unknown
Das Literaturhotel Berlin,52.4701004,13.33782482,,unknown
Das Schmockwitz,52.37262344,13.69577122,,unknown
David's Hostel Berlin,52.52970886,13.33981991,,unknown
DCC Campingplatz Kladow,52.4538002,13.11320019,,unknown
Design Hostel P182,52.49374008,13.36068344,,unknown
Designapart,52.5303688,13.40095997,,Spandauer Vorstadt
Die Etage East Hostel,52.54933929,13.44869995,,unknown
Die Fabrik - baxpax Hotel,52.4986763,13.44569683,,Luisenstadt
Die Zimmerlinge,52.43904114,13.46096992,,unknown
Die Zwolf Apostel,52.48984909,13.31165028,,unknown
Domino Gasthaus & Pension,52.50701141,13.59852982,,unknown
Dorint Berlin Airport Tegel,52.56335068,13.33164024,,unknown
Dormotel Hoppegarten Berlin,52.50836182,13.56163025,,unknown
Downtown Apartments Berlin,52.53150177,13.38854027,,Spandauer Vorstadt
Downtown Apartments Mitte-Wedding,52.54465103,13.36826992,,unknown
Drift Rooms & Apartments,52.50002289,13.35295582,,unknown
East Side Hotel,52.5033493,13.44564533,,unknown
East West Hostel,52.54040146,13.38070965,,unknown
Eastener Hostel,52.52807236,13.38881016,,Spandauer Vorstadt
Eastern Comfort Hotelschiff,52.50296402,13.44436836,,unknown
Eastpax Hostel,52.54232025,13.49932003,,unknown
EastSeven Berlin Hostel,52.53352356,13.41051865,,Kollwitzkiez
Eastside Pension,52.53979111,13.41257954,,Kollwitzkiez
Easy Lodges Berlin,52.4799118,13.41727066,,Schillerkiez
Easyflats,52.46424866,13.4514904,,unknown
easyHotel Berlin Hackescher Markt,52.52891922,13.40208244,,Scheunenviertel
Eckstein Hotel,52.4640007,13.31694984,,unknown
EigenArt Appartement,52.53860092,13.37543011,,unknown
Ela Apartments Berlin,52.43513489,13.31268215,,unknown
Elba am Kurfurstendamm,52.50023651,13.31877613,,unknown
Elegant Apartotel,52.52613831,13.30095959,,unknown
Elifim Hotel,52.5362587,13.18995953,,unknown
Ellens Bed & Breakfast,52.47238922,13.32320023,,unknown
Elpilar Friedrichshain,52.50782013,13.46708965,,unknown
Enjoy Hostel Berlin City West,52.4844017,13.30825996,,unknown
enjoy hotel Berlin City Messe,52.48430634,13.30812168,,unknown
Entrée Hotel Marzahn,52.52510834,13.52987003,,Friedrichsfelde Ost
Entree Hotel Karlshorst,52.48431396,13.52661514,,unknown
Esfand Hostel,52.50072098,13.33352184,,unknown
Euroflat Guest House,52.50054169,13.40091991,,Luisenstadt
Europaische Akademie Berlin,52.48498917,13.26976013,,unknown
Europeapartments,52.54682922,13.34953976,,Brüsseler Kiez
Ev. Bildungsstätte auf Schwanenwerder,52.44884872,13.16862011,,unknown
Ev. Diakonieverein Van Delden House,52.43769836,13.24557972,,unknown
Excellent Apartments,52.52556992,13.32925034,,unknown
Exe Hotel Klee Berlin,52.47370529,13.32810116,,unknown
Familienappartments Im Zentrum,52.52259827,13.40091991,,Spandauer Vorstadt
Family Apartments Mitte,52.55292892,13.3784399,,unknown
Ferdinand Apart Hotel Berlin,52.54341125,13.50861835,,unknown
Ferienapartments Lackner,52.53290939,13.41851997,,Kollwitzkiez
Ferienhaus Berlin,52.52703857,13.35011005,,unknown
Ferienhotel Haus Schildhorn,52.49330139,13.19709969,,unknown
Ferienwohnung,52.4727211,13.44085979,,Richardkiez
Ferienwohnung Berlin,52.41532898,13.16529655,,unknown
Ferienwohnung Dressler,52.37931061,13.65207005,,unknown
Ferienwohnung Funk,52.57551956,13.39848042,,unknown
Ferienwohnung Wilmersdorfer Strasse,52.51607132,13.30484009,,unknown
Ferienwohnungen Familie Bockmann,52.5145607,13.45088005,,unknown
Five Skulls,52.50817871,13.45396996,,unknown
FlexRooming,52.5132637,13.45345497,,unknown
Flottwell Berlin Hotel & Residenz am Park,52.50009537,13.37061882,,unknown
Flower's Berlin By Limehome,52.52710724,13.40773106,,Scheunenviertel
Flughafen Hotel Schonefeld,52.49383926,13.3969698,,unknown
Forsthaus  Wannsee,52.40517044,13.14080048,,unknown
Freiraum,52.54511261,13.41508293,,Helmholtzkiez
Freiraum Hostel,52.49795914,13.42840862,,Luisenstadt
Frida & Diego Apartments,52.49919128,13.34356976,,unknown
Fussball Ecke,52.54758835,13.2086401,,unknown
Gaestehaus Berlin Mitte,52.5320549,13.37833786,,unknown
Gaestehaus der Polizei,52.61624908,13.24392986,,unknown
Gaestehaus Erika,52.53985977,13.14190006,,unknown
Garden Boutique Hotel,52.53119278,13.38634396,,unknown
Garni-Hotel An der Weide,52.50511551,13.60616112,,unknown
Gaste- Und Tagungshaus Am Glockengarten,52.43769455,13.24570656,,unknown
Gastehaus Alpinia,52.3960228,13.38755989,,unknown
Gastehaus am UKB,52.51937103,13.56698036,,unknown
Gastehaus Daehn,52.51509857,13.16141987,,Rudolf-Wissell-Siedlung
Gastehaus im Zentrum,52.52637863,13.36332989,,unknown
Gastehaus Lazarus,52.53477859,13.38860035,,unknown
Gasteiner Hof by Vivere Stays,52.48757553,13.32352829,,unknown
Gastezimmer am Alex,52.52555084,13.41059971,,Scheunenviertel
Gastezimmer Berlin,52.40774155,13.5324297,,unknown
Gasthaus Dietrich Herz,52.48939896,13.39457989,,unknown
Gay Hostel,52.49794388,13.34823132,,unknown
Gaybed Bed and Breakfast,52.53530884,13.35610962,,unknown
Generator Berlin Mitte,52.52506638,13.39128494,,Spandauer Vorstadt
GEO Hostel Berlin,52.51113892,13.47507954,,Samariterviertel
Georghof Hotel Berlin,52.51140976,13.47489357,,Samariterviertel
Ginn City & Lounge Yorck Berlin,52.49298096,13.37932301,,Möckernkiez
Gl cksroulette Berlin & Brandenburg,52.66505814,13.20489979,,unknown
Globetrotter Hostel Odyssee,52.51276016,13.45158005,,unknown
Gold Hotel,52.51137161,13.46364212,,Samariterviertel
GOLD INN Adrema Hotel,52.52323532,13.32946014,,unknown
GOLD INN Alfa Hotel,52.52902603,13.31707382,,unknown
Gold Palais Hotel,52.5291481,13.42545033,,Winsviertel
Good Mood Living,52.49457932,13.36141968,,unknown
Good Morning Berlin City West,52.56776047,13.33070755,,unknown
Gosch Hotel Ku'damm,52.50007629,13.31034374,,unknown
Grünau Hotel,52.40303802,13.58569527,,unknown
Grand Hostel Berlin,52.49863052,13.38459015,,unknown
Grand Hostel Berlin Urban,52.48751831,13.42566109,,Reuterkiez
Grand Hyatt Berlin,52.50840759,13.37228203,,unknown
Green Eggs and Ham,52.52809906,13.38904953,,Spandauer Vorstadt
Gretha van Holland Hotelschiff Berlin Mitte,52.51504135,13.41370964,,unknown
Greystay Apartments Steglitz,52.45230865,13.33257961,,unknown
Grimm's am Potsdamer Platz,52.50324249,13.37300777,,unknown
Grunewald Motel und Rasthof,52.43431091,13.19087029,,unknown
Guesthouse 21,52.49745941,13.34618282,,unknown
H+ Hotel Berlin Mitte,52.52965927,13.38388157,,unknown
H+ Hotel HVD 4Youth,52.53970718,13.4019413,,unknown
H24 Berlin Lichtenberg,52.5267067,13.48731709,,unknown
H50 Luwely Rooms,52.42446899,13.27418041,,unknown
Hackbarth Hotel,52.39593887,13.38753986,,unknown
Halong Hotel,52.51160812,13.39997005,,unknown
Hana Hostel in Berlin City,52.55035019,13.34939003,,Brüsseler Kiez
Hapimag Resort Berlin Gendarmenmarkt,52.51169968,13.394207,,unknown
Hapimag Resort Berlin Zoo,52.50488281,13.3444128,,Botschaftsviertel
Happy Bed Hostel,52.49893951,13.38683128,,unknown
Happy Go Lucky Hotel & Hostel,52.48936081,13.34683037,,unknown
Happy Hotel Berlin,52.4893837,13.34688187,,unknown
HappyGoLucky Hotel & Hostel,52.50525665,13.30082321,,unknown
HappyHostelBerlin,52.52290726,13.35678482,,unknown
Hauptstadt Ferien,52.42790985,13.49789047,,unknown
Hauptstadtferien Berlin,52.55323029,13.41617966,,Arnimkiez
Haus Am Niederfeld,52.50310135,13.58479977,,unknown
Haus Am See,52.37667847,13.64723969,,unknown
Haus Arkona,52.53799057,13.40272045,,unknown
Haus Bismarck,52.49107742,13.28319073,,unknown
Haus Dannenberg,52.60810089,13.21187019,,unknown
Haus direkt am See,52.50799179,13.21354961,,unknown
Haus Gruntal,52.48054886,13.34883022,,unknown
Haus La Garde,52.43872833,13.22406006,,unknown
Haus Reichwein,52.50582886,13.23418045,,unknown
Hauscom Berliner Gastehauser,52.4851799,13.51928043,,Heimatviertel
Havelapartments,52.49094391,13.18054867,,unknown
Heart of Gold Hostel,52.52451324,13.39181137,,Spandauer Vorstadt
Hecker's Hotel Berlin,52.50341034,13.32392597,,unknown
Helter Skelter Hostel Berlin,52.52402878,13.38980007,,Spandauer Vorstadt
Herberge Grosse,52.50696945,13.30029964,,unknown
Herbst Hotel,52.53834152,13.20145988,,unknown
Heval's Grand Appartments,52.48186111,13.34895992,,unknown
HighPark by Palmira,52.50367737,13.37520027,,unknown
Historisches Fahrhaus Wendenschloss,52.41868973,13.58749962,,unknown
Hoffmanns Hostel,52.55051041,13.45114994,,unknown
HOLI-Berlin Hostel & Hotel,52.50449753,13.49729347,,Weitlingkiez
Holiday Apartments Frankfurter Allee 98 - Orbis Apartments,52.51369095,13.47270966,,Samariterviertel
"Holiday Inn Berlin - City West, an IHG hotel",52.54050827,13.26253986,,unknown
"Holiday Inn Berlin City Center East P-Berg, an IHG hotel",52.54782104,13.4282217,,Helmholtzkiez
Holiday Inn Berlin City East-Landsberger,52.53385544,13.47781944,,Fennpfuhl
Holidayapartments Marquardt,52.53224945,13.32544994,,unknown
Homage Design Apartments,52.53348923,13.4076004,,unknown
Homaris - Apartments Weinberg,52.53078842,13.4018898,,Spandauer Vorstadt
Home Wilma,52.52545166,13.42399979,,Barnimkiez
Hommage a Magritte,52.50374222,13.32402706,,unknown
Hostel Adler,52.52613068,13.38700962,,unknown
Hostel Aloha,52.52890015,13.40881443,,Spandauer Vorstadt
Hostel am Flussbad,52.44095993,13.57604027,,unknown
Hostel am Friedrichshain,52.5304985,13.43480968,,Bötzowkiez
Hostel Am Kurtti,52.56449509,13.32728195,,unknown
Hostel Anlema,52.52561188,13.33399963,,unknown
Hostel City Bed 2,52.49612045,13.32793999,,unknown
Hostel Die Etage East,52.54933929,13.44869995,,unknown
Hostel near Adenauerplatz,52.49900055,13.30323982,,unknown
Hostel Pro-Social,52.52767181,13.56739998,,unknown
Hostel Reiter,52.54814911,13.20839024,,unknown
Hostel Staycomfort Kreuzberg,52.49819946,13.44692039,,Luisenstadt
Hostel Ufernacht,52.55086899,13.37271023,,unknown
Hostel X Berger,52.49817657,13.44704533,,Luisenstadt
Hostel24 Berlin,52.44607162,13.51548004,,unknown
Hostel’O Berlin – Mitte,52.55047607,13.39152622,,unknown
Hotel & City Camping Berlin,52.54876328,13.25690269,,unknown
Hotel & Restaurant Neu-Helgoland,52.42868042,13.68299007,,unknown
Hotel & Ristorante Bel Fiore,52.60612869,13.31735039,,unknown
Hotel 103,52.55305099,13.41312122,,Arnimkiez
Hotel 38,52.52577209,13.39163589,,Spandauer Vorstadt
Hotel Abell,52.55228043,13.41353035,,Arnimkiez
Hotel Adam,52.50635529,13.30216599,,unknown
Hotel Albertin,52.54906845,13.4586544,,Komponistenviertel
Hotel Alpenland,52.50677109,13.32332993,,unknown
Hotel Alpina- Grunewald,52.48815155,13.26438999,,unknown
Hotel Alt - Tegel,52.58885956,13.28168011,,unknown
Hotel Alt Tempelhof,52.46416473,13.38478756,,unknown
Hotel Alte Feuerwache,52.54592896,13.49407005,,unknown
Hotel Alte Galerie,52.50239182,13.31357956,,unknown
Hotel am Borsigturm,52.58356476,13.28761578,,unknown
Hotel am Hermannplatz,52.48933792,13.42389965,,unknown
Hotel Am Savignyplatz,52.50626755,13.32100773,,unknown
Hotel am Schlachtensee,52.43918991,13.21885681,,unknown
Hotel Am Schloss Koepenick Berlin by Golden Tulip,52.44265366,13.56963825,,unknown
Hotel Am Wasserturm,52.53604889,13.18034172,,unknown
Hotel Am Wilden Eber,52.47159958,13.28934002,,unknown
Hotel Amadeus Central,52.48620987,13.29724979,,unknown
Hotel Ambassador-Berlin Grunau,52.41819763,13.58031464,,unknown
Hotel Ambert,52.49470139,13.30926991,,unknown
Hotel Amelie Berlin,52.52336884,13.38419247,,unknown
Hotel AMO By AMANO,52.52590942,13.38759995,,unknown
Hotel an den Birken,52.49365997,13.61830997,,Mahlsdorf Süd
Hotel An Der Rummelsburger Bucht,52.49361038,13.48538971,,unknown
Hotel Aquino Berlin,52.52748108,13.38507366,,unknown
Hotel Aragon,52.60615921,13.61900043,,unknown
Hotel Arena Inn,52.54357147,13.36357021,,Sprengelkiez
Hotel Arrival,52.4997673,13.33450603,,unknown
Hotel Art Nouveau,52.50282288,13.31330299,,unknown
Hotel Artemisia,52.49470139,13.30926991,,unknown
Hotel Artim,52.4990654,13.34495163,,unknown
Hotel Aster,52.5105629,13.27000809,,unknown
Hotel Atlantic,52.43741989,13.46263027,,unknown
Hotel Augustinenhof,52.52637482,13.39251328,,Spandauer Vorstadt
Hotel Austriana,52.4982605,13.31834984,,unknown
Hotel AVAlex,52.53011322,13.42535782,,Winsviertel
Hotel Aviv Berlin,52.42192078,13.4888649,,unknown
HOTEL B1 BERLIN,52.50313568,13.58198071,,unknown
Hotel Bellevue Berlin,52.49622345,13.32003498,,unknown
Hotel Benn,52.53824997,13.20403957,,unknown
Hotel Berlin,52.50502777,13.35182285,,Botschaftsviertel
Hotel Berlin Hauptbahnhof,52.52435684,13.36941528,,unknown
Hotel Berlin Markischer Hof am Tacheles,52.52633286,13.38806629,,unknown
Hotel Berlin Mitte by Campanile,52.5294838,13.37969398,,unknown
Hotel Berliner Bär,52.46614075,13.39520836,,unknown
Hotel Bernhard,52.47830963,13.33061028,,unknown
Hotel Bett-Und-Buch,52.44411469,13.56894207,,unknown
Hotel Birgit Berlin Mitte,52.53395081,13.40911102,,Kollwitzkiez
Hotel Boelsche 126,52.44862366,13.62391376,,unknown
Hotel Bohemia by Vivere Stays,52.46551514,13.44208813,,unknown
Hotel Bongard,52.5858345,13.32172203,,unknown
Hotel Bornholmer Hof,52.55288315,13.41244888,,Arnimkiez
Hotel Borse,52.50260162,13.32417011,,unknown
Hotel Britzer Tor,52.46549606,13.44208813,,unknown
Hotel Buchholz,52.61435699,13.44106674,,unknown
Hotel Carat,52.56946945,13.3297596,,unknown
Hotel Carmer 16,52.50760269,13.32483101,,unknown
Hotel Carolinenhof,52.48958969,13.3285532,,unknown
Hotel Castell,52.50009537,13.31455326,,unknown
Hotel Central Inn,52.52332306,13.35846138,,unknown
Hotel Charlot,52.50247955,13.30972004,,unknown
Hotel Christophorus,52.56851959,13.19497108,,unknown
Hotel Cityblick Pension,52.50707626,13.3001318,,unknown
Hotel Columbia,52.48516083,13.38530064,,unknown
Hotel Comenius,52.51266098,13.45053005,,unknown
Hotel De Ela,52.49420166,13.33749008,,unknown
Hotel de France,52.55833435,13.33911419,,Englisches Viertel
Hotel Die Schule,52.53704453,13.40842438,,Kollwitzkiez
Hotel Dietrich Bonhoeffer Haus,52.52365875,13.39030361,,Spandauer Vorstadt
Hotel Domicil Berlin by Golden Tulip,52.50650024,13.30645847,,unknown
Hotel Eden am Zoo,52.50417709,13.32569885,,unknown
Hotel Elliot,52.43582153,13.25819016,,unknown
Hotel Engelke,52.535923,13.56032944,,unknown
Hotel Entity,52.50899887,13.37370968,,unknown
Hotel Erlanger Hof,52.4822464,13.43104172,,Donaukiez
Hotel Erpel,52.43582153,13.25819016,,unknown
Hotel Garni Aaberna,52.53404999,13.34171963,,unknown
Hotel Garni an der Gropiusstadt,52.4234314,13.48573971,,unknown
Hotel Garni Kleist am Kurfurstendamm,52.49759674,13.31770706,,unknown
Hotel Garni Pension Prenzlberg,52.53804016,13.4266901,,Winsviertel
Hotel Garni Wilhelmsruher Damm,52.59637833,13.34671021,,unknown
Hotel Gotland,52.43498993,13.33320045,,unknown
Hotel Grüener Baum,52.48881149,13.18037987,,unknown
Hotel Graf Pueckler,52.54179764,13.37173843,,unknown
Hotel Grand Inn,52.52415466,13.53579903,,Friedrichsfelde Ost
Hotel Greifswald,52.53216934,13.42790985,,Winsviertel
Hotel Grenzfall,52.53577042,13.38908958,,unknown
Hotel Gunia,52.44713211,13.38877583,,unknown
Hotel Hansablick Garni,52.51759338,13.33675957,,Hansaviertel
Hotel Haus Franken,52.42695999,13.31951046,,Giesensdorf
Hotel Haus Leopold,52.44453812,13.23719978,,unknown
Hotel Havel Lodge,52.57215118,13.22914028,,Tegelort
Hotel Hildebrandt,52.4932518,13.5766201,,Kaulsdorf Süd
Hotel Hostel Zafir,52.47445297,13.43988609,,Böhmisches Dorf
Hotel Johann,52.4957695,13.40003967,,unknown
Hotel Julius Leber Kaserne Standortkommando,52.56010056,13.32458973,,Cité Joffre
Hotel K,52.49332809,13.56196022,,Biesdorf-Süd
Hotel Kastanienhof,52.53475571,13.40623474,,unknown
Hotel Kryom's 108,52.38737869,13.3947897,,unknown
Hotel Kubrat an der Spree,52.44777679,13.57875347,,unknown
Hotel Kubrat Berlin Mitte,52.51013947,13.38914967,,unknown
Hotel Kurfuerstendamm am Adenauerplatz,52.50040817,13.30834007,,unknown
Hotel Landhaus Alpinia,52.42108917,13.39194775,,unknown
Hotel Larat,52.56946945,13.3297596,,unknown
Hotel Les Nations,52.5234108,13.33206654,,unknown
Hotel Lichtenrade,52.38954926,13.42086029,,unknown
Hotel Lindenstrasse,52.50594711,13.39647293,,unknown
Hotel Lindenufer,52.53820801,13.20703411,,unknown
Hotel Lohwasser Berlin,52.51330185,13.46026039,,Samariterviertel
Hotel Louisa's Place,52.49935532,13.30521011,,unknown
Hotel M68,52.51034927,13.38694382,,unknown
Hotel Maison- Apartments am Kolk,52.53955841,13.20779037,,unknown
Hotel Majestic,52.49568939,13.30811024,,unknown
Hotel Mardin,52.48419952,13.52651024,,unknown
Hotel Marzahner Muehle,52.54679871,13.56964016,,unknown
Hotel Mentelin,52.47049332,13.51170921,,unknown
Hotel Messe am Funkturm,52.50652695,13.28325653,,unknown
Hotel Mondial,52.50177383,13.31883621,,unknown
Hotel Neuer Fritz,52.52273178,13.38814259,,unknown
Hotel Oderberger,52.53810501,13.41044712,,Kollwitzkiez
Hotel Pankow,52.58543015,13.42877007,,unknown
Hotel Parkidyll,52.57159042,13.39733028,,unknown
Hotel Pension Arta,52.50847244,13.30222225,,unknown
Hotel Pension Berliner Zimmer,52.50413132,13.32575035,,unknown
Hotel Pension Bregenz,52.49784851,13.31314564,,unknown
Hotel Pension Canaletto,52.45697021,13.38619995,,unknown
Hotel Pension Columbus,52.50191879,13.3288126,,unknown
Hotel Pension Dahlem,52.44400024,13.29008007,,unknown
Hotel Pension Delta,52.48851013,13.35768986,,Rote Insel
Hotel Pension Eberty,52.5245018,13.45244026,,Hausburgviertel
Hotel Pension Elegia,52.50421143,13.31637478,,unknown
Hotel Pension Fasanenhaus,52.50210953,13.32736206,,unknown
Hotel Pension Fischer,52.50115967,13.33699036,,unknown
Hotel Pension Gribnitz,52.50952148,13.27838993,,unknown
Hotel Pension Haubach Central,52.51580811,13.30370712,,unknown
Hotel Pension Ingeborg,52.50269318,13.31538963,,unknown
Hotel Pension Insel Ruegen,52.49821854,13.31776047,,unknown
Hotel Pension Insor,52.51847839,13.46638966,,Samariterviertel
Hotel Pension KARIBUNI,52.48046112,13.43513012,,Donaukiez
Hotel Pension Lydia,52.56145859,13.4973402,,unknown
Hotel Pension Margrit,52.49668884,13.30822945,,unknown
Hotel Pension Odin,52.5514183,13.44279003,,unknown
Hotel Pension Rehberge,52.55547333,13.34361076,,Englisches Viertel
Hotel Pension Reiter,52.5185585,13.44017124,,Barnimkiez
Hotel Pension Saks,52.53876114,13.37261963,,unknown
Hotel Pension Schaefer,52.45465851,13.51681995,,unknown
Hotel Pension Senta,52.47565079,13.32912254,,unknown
Hotel Pension Spree,52.49296188,13.32951164,,unknown
Hotel Pension Streuhof Berlin,52.54817963,13.44824982,,unknown
Hotel Pension Zur Post,52.41098022,13.40353966,,unknown
Hotel Petit,52.42013168,13.1626997,,unknown
Hotel Plovdiv,52.39974594,13.55516338,,unknown
Hotel Potsdamer Hof,52.50460434,13.36685371,,unknown
Hotel Prens Berlin,52.49517059,13.42092228,,unknown
Hotel Prinzregent,52.47822952,13.33253956,,unknown
Hotel Q!,52.50260544,13.32200336,,unknown
Hotel Remter,52.50310898,13.33743954,,unknown
Hotel Restaurant Kardell,52.50212097,13.2972002,,unknown
Hotel Riehmers Hofgarten,52.49317169,13.3848629,,unknown
Hotel Ristorante Il Mulino,52.44377899,13.29330254,,unknown
Hotel Rotdorn,52.50917816,13.26021767,,unknown
Hotel Sachsenhof,52.49873734,13.35140419,,unknown
Hotel Sarotti-Hoefe,52.49100113,13.3881731,,unknown
Hotel Sedes,52.56266022,13.42785072,,unknown
Hotel Siegfriedshof,52.51505661,13.497715,,unknown
Hotel Siemensstadt,52.53770828,13.26618004,,unknown
Hotel Spree-idyll,52.44828796,13.60961342,,unknown
Hotel Spreewitz,52.50668335,13.30363274,,unknown
Hotel St.-Michaels-Heim,52.4883194,13.27731991,,unknown
Hotel Stadtgut,52.63582993,13.49975014,,unknown
Hotel Steglitz International,52.4563179,13.32130337,,unknown
Hotel Sternchen,52.46406174,13.41763973,,unknown
Hotel Suden,52.42893219,13.47949791,,unknown
Hotel Tagungshaus Tiergarten,52.50241852,13.36758041,,unknown
Hotel Telegraphenamt,46.94485474,7.436841011,,Villette
Hotel The Yard,52.49930954,13.40011024,,Luisenstadt
Hotel Tiergarten,52.5250473,13.34360695,,unknown
Hotel Transit,52.49084854,13.38532066,,unknown
Hotel und Restaurant Alt-Karow,52.6093483,13.48165131,,unknown
Hotel und Restaurant Avus,52.50156021,13.27676964,,unknown
Hotel Vier Jahreszeiten Berlin City,52.49877167,13.42613125,,Luisenstadt
Hotel Villa Kastania,52.51023102,13.26810837,,unknown
Hotel Villa Konstanz,52.48936081,13.30790615,,unknown
Hotel Villa Toscana,52.43264008,13.31912994,,unknown
Hotel Vivaldi Berlin,52.50393677,13.32174587,,unknown
Hotel Von Korff,52.51015091,13.28013039,,unknown
Hotel Waldschanke,52.56877899,13.20930958,,unknown
Hotel Waltraud,52.55600357,13.20181274,,unknown
Hotel Wendland,52.50519943,13.60188007,,unknown
Hotel Wittelsbach am Kurfürstendamm,52.49520874,13.31000042,,unknown
Hotel Zarenhof Friedrichshain,52.51315689,13.4551897,,Samariterviertel
Hotel zum Ziehbrunnen,52.4952507,13.61116028,,unknown
hotelhellemitte im Atrium,52.53771973,13.60334015,,unknown
H'Otello K'80,52.5045929,13.32246304,,unknown
Hotel-Maison Am Adenauerplatz,52.49854279,13.3073473,,unknown
Hotel-Pension Adamshof,52.50191879,13.49110031,,Weitlingkiez
Hotel-Pension Agata,52.52967072,13.13519001,,unknown
Hotel-Pension am Lehniner Platz,52.49969101,13.30265999,,unknown
Hotel-Pension am Rudesheimer Platz,52.47270966,13.31488991,,unknown
Hotel-Pension am Schloss Bellevue,52.52296066,13.35641003,,unknown
Hotel-Pension Arche,52.50683212,13.30383301,,unknown
Hotel-Pension Aurora,52.47039795,13.33407784,,unknown
Hotel-Pension Charlottenburg,52.49956512,13.32318115,,unknown
Hotel-Pension Cityflair,52.51519012,13.45969677,,Samariterviertel
Hotel-Pension Classic,52.50238037,13.34281731,,unknown
Hotel-pension Dorma,52.47957993,13.34961033,,unknown
Hotel-Pension Enzian,52.44784927,13.30526924,,unknown
Hotel-Pension Grand,52.4662323,13.42969322,,unknown
Hotel-Pension Hensel,52.57205963,13.31371021,,unknown
Hotel-Pension Kallmeyer,52.53735733,13.18651676,,unknown
Hotel-Pension Maximum,52.50131989,13.4907999,,Weitlingkiez
Hotel-Pension Rheingold,52.49881744,13.31093025,,unknown
Hotel-Pension Savoy,52.5020752,13.32883835,,unknown
Hotel-Pension Trautenau,52.49161911,13.32736969,,unknown
Hotel-Pension Uhland am Kurfuerstendamm,52.49491882,13.32421494,,unknown
Hotel-Pension Victoria,52.50368881,13.48178482,,unknown
Hotel-Pension Waizenegger,52.50313568,13.31882763,,unknown
Hotel-Pension Zeljko,52.51235962,13.18297005,,unknown
Hotel-Restaurant Nest,52.43003082,13.47803974,,unknown
HSH Hotel Apartments Mitte,52.53097916,13.38400936,,unknown
HSH Hotel Apartments Wilmersdorf,52.49365997,13.33131027,,unknown
IBB Blue Hotel Berlin-Airport,52.44607162,13.51548004,,unknown
ibis Budget Berlin Ost,52.52629089,13.52999973,,Friedrichsfelde Ost
Ima Loft Apartment,52.50154114,13.4113102,,Luisenstadt
In Hotel Berlin,52.44524002,13.29345036,,unknown
Industriepalast,52.50392151,13.44758987,,unknown
Inn Sight - Potsdamer Platz,52.50616837,13.37642956,,unknown
Inn Zum Oberfeld,52.51570892,13.59344864,,unknown
Inn-Berlin,52.5596199,13.38656044,,Soldiner Kiez
Isas Aparthostel,52.46841431,13.38509083,,unknown
Itowe Gallery Hostel,52.51678085,13.46512032,,Samariterviertel
Ivbergs Hotel Messe Nord,52.50696182,13.29407978,,unknown
Jasper's Boutique Hotel,52.53654861,13.40073967,,unknown
Jetpak Alternative Hostel,52.49605179,13.44357777,,Luisenstadt
JETpak Hostel,52.46558762,13.27085972,,unknown
Josty Brauerei Appartments,52.53147125,13.3946104,,Spandauer Vorstadt
Jugendgaestehaus Hauptbahnhof,52.52717972,13.36229515,,unknown
Jugendgaestehaus Lichterfelde,52.4178009,13.31472015,,Giesensdorf
Jugendgaestehaus Nordufer,52.54143906,13.32826996,,unknown
Jugendherberge Berlin - Am Wannsee,52.43259048,13.18511963,,unknown
Jugendherberge Berlin Ostkreuz,52.50416565,13.4711113,,unknown
Jugendherberge Berlin-International,52.50511932,13.36274147,,Botschaftsviertel
Jugendherberge Ernst Reuter,52.60504913,13.29162979,,unknown
Jugendhotel berlincity,52.48828888,13.36205959,,Rote Insel
Jugendhotel Luftbrucke,52.48571014,13.36184978,,Rote Insel
Jugendscamp Fliesstal,52.59560013,13.29193974,,unknown
Julius' Guest House,52.48672104,13.3380003,,unknown
Juncker's Hotel Garni,52.51281738,13.45134354,,unknown
K&S Apartments,52.5173111,13.30023956,,unknown
K&S Apartments,52.55260849,13.43747997,,unknown
K&S Apartments L5,52.55261993,13.43746853,,unknown
K&S Apartments Weissensee L4,52.55260849,13.43747997,,unknown
K26 Apartments,52.49810028,13.29291821,,unknown
Kaiser Apartments Berlin Charlottenburg,52.50580978,13.30216026,,unknown
Kaiser Hotel,52.51088715,13.29313087,,unknown
KaiserHeim,52.50986862,13.28390026,,unknown
Kalixx Gmbh,52.52223969,13.37827015,,unknown
Kant,52.50637054,13.29959011,,unknown
Karl Marx Hostel,52.47444916,13.43994999,,Böhmisches Dorf
Keiz Pension,52.51390076,13.46763039,,Samariterviertel
KG Apartment Berlin,52.53107834,13.43080044,,Bötzowkiez
KG Apartments Savignyplatz,52.50764847,13.31921005,,unknown
Kiez Box,52.5136528,13.4549818,,Samariterviertel
Kima Hotel,52.50035477,13.31536102,,unknown
Kleiner Prinzenhof,52.44403076,13.38465977,,unknown
Klene Apartment,52.4990387,13.36888027,,unknown
Kolo 77,52.56689835,13.38385201,,unknown
Kongress Hotel Berlin-Rahnsdorf,52.44281006,13.68113041,,unknown
Kopenicker Hof,52.4592514,13.58532047,,Dammvorstadt
KPM Hotel & Residences,52.51570892,13.3322897,,unknown
Kudamm Luxury Apartments,52.50362015,13.34296989,,unknown
Kult Residenz,52.43405151,13.31334972,,unknown
Kurfur Terrace,52.49921036,13.36760044,,unknown
Kurfurstendamm Apartments,52.50733948,13.30622005,,unknown
Kushinda Elberfelderstr,52.52447128,13.33646011,,Westfälisches Viertel
Kushinda Loschmidtstrasse,52.51707077,13.31381035,,unknown
Kushinda Wielandstra e,52.49993896,13.31513023,,unknown
Kutscherhaus Casa Chabeli,52.43508911,13.32244968,,unknown
Kutscherstube,52.56399155,13.36548996,,unknown
L72 Appartement,52.5291214,13.40248013,,Scheunenviertel
Landgasthof Diedersdorf Hotel Berlin,52.54143906,13.14577007,,unknown
Landhaus im Grunen Pension,52.61183929,13.31789017,,unknown
Landhaus Perle,52.54288864,13.19789028,,unknown
Larissas Hotel,52.4987793,13.35070992,,unknown
Lavie Apartments,52.54016876,13.34739971,,Brüsseler Kiez
LebensQuelle Hotel,52.50792694,13.39932156,,Luisenstadt
Lekkerurlaub,52.49493408,13.41940308,,unknown
Leonardo Boutique Hotel Berlin City South,52.43738174,13.46308136,,unknown
Lette'm Sleep,52.54375458,13.41899586,,Helmholtzkiez
Lilienthalschlosschen,52.43569946,13.30091,,unknown
Limehome,52.54872131,13.41090965,,Gleimviertel
limehome Berlin Chausseestr.,52.53753281,13.37341404,,unknown
Limehome Berlin Müllerstraße,52.54281998,13.36610889,,Sprengelkiez
Limehome Berlin Malmöer Str,52.55104065,13.40359879,,Arnimkiez
Limehome Berlin Neue Strasse,52.46644974,13.38288021,,unknown
Linnen,52.54131317,13.40904236,,Gleimviertel
Linnen Studio Apartments,52.52473068,13.39904976,,Spandauer Vorstadt
Lion Apartments Friedrichshain,52.50846863,13.45526981,,unknown
Little Bogota Berlin,52.50049973,13.31694984,,unknown
LittleFriedrichRooms At Propellerwerk,52.50947189,13.45221043,,unknown
Living Hotel Berlin Mitte,52.51201248,13.40853786,,unknown
Living in the Box,52.51232147,13.41697979,,Luisenstadt
Locanda 12 Apostoli,52.46641159,13.25615978,,unknown
Lodge Berlin,52.51414108,13.45890999,,Samariterviertel
Lodge Berlin,52.50980759,13.45798111,,unknown
Lodge Friedrichshain,52.50790024,13.46726036,,unknown
Lodgecity - Private Rooms,52.51662064,13.29362011,,unknown
Lodgecity Prenzlauer Berg,52.53475952,13.45046997,,Blumenviertel
LOGINN Hotel Berlin Airport,52.39851761,13.54102898,,unknown
Luxoise,52.50854874,13.45960999,,unknown
Luxury Apartment In Marthashof,52.53848648,13.40561581,,unknown
LV Apartments am Lutzowplatz,52.50248337,13.35340977,,Botschaftsviertel
M M Central Apartments,52.53642654,13.39516068,,unknown
M&W Pension - Hostel,52.47528076,13.45353985,,Rixdorf
Müggelseepension,52.44588089,13.62578011,,unknown
Madison,52.51018143,13.37539959,,unknown
Main Station Hostel,52.53437042,13.34465027,,unknown
Marie City Apartments,52.5221405,13.38253975,,unknown
Maritim proArte Hotel Berlin,52.51831436,13.38761806,,unknown
Mark Apart Hotel Berlin,52.50025177,13.3231926,,unknown
Marlene-Zimmer,52.5008812,13.37648964,,unknown
Mauer Apartments,52.53522873,13.3976202,,unknown
Maybach Apartments,52.4953804,13.42154026,,Reuterkiez
Meine-FeWo-in-Berlin,52.4196701,13.39626026,,unknown
Meininger Hotel,52.48585892,13.34648037,,unknown
MEININGER Hotel Berlin East Side Gallery,52.50840378,13.435956,,unknown
MEININGER Hotel Berlin Mitte Humboldthaus,52.52495956,13.39225674,,Spandauer Vorstadt
MEININGER Hotel Berlin Tiergarten,52.52646637,13.34434795,,unknown
Mercure Hotel Berlin Mitte,52.5003624,13.37567997,,unknown
Merika Hotel,52.53718948,13.37421989,,unknown
Merry,52.41657257,13.37045097,,unknown
Metropol Hostel Berlin,52.49385071,13.38792992,,unknown
Metropolitan Hotel Berlin,52.49868393,13.33374596,,unknown
Michels Apart Hotel Berlin,52.50820923,13.24577999,,unknown
Midel Hostel,52.50222015,13.48701954,,Weitlingkiez
Midi Inn City West off Kurfürstendamm,52.50014877,13.31521988,,unknown
MIDI Inn Parkhotel Mitte,52.53308105,13.40162563,,unknown
Mikon Eastgate Hotel,52.52883148,13.37966347,,unknown
Miles Hotel Berlin,52.43095016,13.32874012,,unknown
Minihostel 12 Monkeys KuDamm,52.50249863,13.30593967,,unknown
Miniloft,52.52931213,13.37982464,,unknown
Miniloft Apartment Hotel Kreuzberg,52.50323868,13.3917799,,unknown
Minimal,52.49390411,13.42540359,,Reuterkiez
Minitel,52.47694016,13.42607975,,Schillerkiez
Mirbach Apartments & Hostel,52.55339813,13.4488802,,unknown
MirHostel,52.54512405,13.36206245,,Sprengelkiez
Mittendrin - Boutique Hotel Berlin,52.50246048,13.33833981,,unknown
mk hotel berlin,52.55583954,13.3801403,,unknown
MM Central Apartments Budget,52.55897903,13.38617039,,Soldiner Kiez
Monteurzimmer Berlin Pankow,52.56476974,13.47014046,,unknown
Mopsbox,52.54531097,13.4139204,,Helmholtzkiez
Motel Blue,52.49496078,13.3241396,,unknown
Motel Home,52.46382904,13.41769981,,unknown
Motel One Berlin Mitte,52.50424957,13.41122723,,Luisenstadt
Motel One Berlin-Bellevue,52.51990509,13.35600567,,unknown
Motel One Berlin-Hauptbahnhof,52.52556992,13.36595345,,unknown
Motel One Berlin-Ku'damm,52.50559616,13.32931137,,unknown
Motel One Berlin-Potsdamer Platz,52.51016235,13.38084126,,unknown
Motel One Berlin-Tiergarten,52.50231934,13.34788799,,unknown
Motel One Berlin-Upper West,52.50500488,13.33334637,,unknown
Moxy Berlin Humboldthain Park,52.5495224,13.38419533,,unknown
MS Berlin Apartments,52.54935074,13.36151981,,Leopoldkiez
My Gay Hostel,52.49901962,13.35284996,,unknown
my private berlin,52.53514099,13.43512726,,Grüne Stadt
MyCentralStay,52.50154114,13.4113102,,Luisenstadt
Naturfreundehaus Karl Renner,52.43904877,13.29901981,,unknown
Nena Apartments Bergmannkiez,52.48735046,13.38729954,,unknown
Nena Apartments Hermannplatz,52.48621368,13.42381954,,Flughafenkiez
Nena Apartments Kreuzberg 61,52.49554825,13.39621067,,unknown
Nena Apartments Metropolpark,52.51213455,13.4144659,,Luisenstadt
Nena Apartments Moritzplatz,52.50267792,13.41191673,,Luisenstadt
Nena Hostel Berlin Mitte,52.56158829,13.37725163,,unknown
Neo Hostel,52.43111038,13.57110023,,unknown
Nest Apartments,52.54072952,13.40594959,,Gleimviertel
New Green Apartments,52.51063919,13.40602016,,Luisenstadt
New Hostel Berlin Mitte,52.5612793,13.37700939,,unknown
NH Berlin City West,52.48873138,13.33051968,,unknown
Nice City Apartment,52.54919052,13.45855045,,Komponistenviertel
Nikol Apartments,52.49895859,13.33553982,,unknown
Nollendorf Apartments,52.49887085,13.3509903,,unknown
Nollendorfplatz City-Apartments,52.49885178,13.3536396,,unknown
Nora Hotel Berlin,52.51255035,13.45785999,,Samariterviertel
Novalis Hotel,52.52856827,13.38879013,,Spandauer Vorstadt
Novum Hotel Gates Berlin Charlottenburg,52.50965881,13.32258511,,unknown
Nu Wave Hotel Berlin,52.51203918,13.44859886,,unknown
numa | Nook Rooms & Apartments,52.52377701,13.3996706,,Spandauer Vorstadt
numa I Novela Rooms & Apartments,52.4988327,13.3120966,,unknown
numa l Kater Apartments,52.50370789,13.44728374,,unknown
Oberbaum Cityapartments,52.50368118,13.44725037,,unknown
Old Fashioned Architecture In Trendy District Prenzlauer Berg,52.53667831,13.41077995,,Kollwitzkiez
Old Town Apartments - Metzer Strasse,52.5316658,13.41538906,,Kollwitzkiez
Old Town Apartments Gartenstrasse,52.53205109,13.38910007,,Spandauer Vorstadt
Old Town Apartments Schoenhauser Allee,52.5309906,13.41875458,,Kollwitzkiez
Old Town Hostel,52.54421234,13.41583347,,Helmholtzkiez
ONE80 Hostels Berlin,52.52388382,13.41795063,,unknown
On-Hostel,52.56448364,13.37758446,,unknown
Ootel.com - Hotel Hostel,52.52510834,13.52987003,,Friedrichsfelde Ost
Orania.Berlin,52.50212479,13.41670036,,Luisenstadt
Orion Hotel,52.5022316,13.30360985,,unknown
Ostel - GDR The Hostel,52.51090622,13.43895054,,unknown
OTA Berlin,52.5442009,13.41604996,,Helmholtzkiez
Overnight,52.5526619,13.40886021,,Arnimkiez
OYO Hotel Matzbach,52.48920822,13.39330959,,unknown
Palacina Berlin,52.49583435,13.36030102,,unknown
Palais Winterfeldt,52.49652863,13.34822941,,unknown
Pangea People Hostel,52.52620697,13.4154129,,unknown
Panorama Am Adenauerplatz Hotel,52.5006218,13.30652523,,unknown
Park Hotel Berlin Neukolln,52.4581871,13.44785881,,unknown
Park Hotel Moabit,52.5254631,13.3418684,,unknown
Park Plaza Berlin Kudamm,52.50139618,13.33105946,,unknown
Park Plaza Wallstreet Berlin Mitte,52.51132584,13.40789318,,unknown
Parkapartments - Berlin,52.50614166,13.34745979,,Botschaftsviertel
Parkview Apartments,52.53284073,13.40217972,,unknown
Paula's Apartments Prenzlauer Berg,52.55260086,13.4063797,,Arnimkiez
Paula's Comfy Little Corner,52.52537155,13.33423042,,unknown
Paulsborn am Grunewaldsee,52.46655273,13.25623608,,unknown
Pegasus Hostel,52.5160141,13.44011688,,unknown
Pension & Cafe Adam,52.50067902,13.34965038,,unknown
Pension 11,52.46306992,13.51412964,,unknown
Pension 1a Apartment Berlin,52.54524231,13.41157246,,Gleimviertel
Pension Aaberna,52.53524399,13.34964466,,unknown
Pension Al Hamra,52.54177094,13.42096043,,Helmholtzkiez
Pension Alexis,52.50743103,13.32464981,,unknown
Pension Alte City,52.50143051,13.33298969,,unknown
Pension Alte Dorfaue,52.41239166,13.36598015,,unknown
Pension Am Anger,52.50600815,13.51801014,,Reihenhäuser Kalinka
Pension Am Checkpoint,52.50965118,13.39093971,,unknown
Pension am Fernsehturm,52.52738953,13.40394592,,Scheunenviertel
Pension Am Kutschi,52.56452179,13.32773972,,unknown
Pension Am Park,52.50981903,13.28909969,,unknown
Pension am Park,52.48537827,13.46479034,,unknown
Pension An Der Eiche,52.53717041,13.54858017,,unknown
Pension Ariane,52.50402832,13.31814003,,unknown
Pension at the Elsterbrücke,52.42882919,13.70444012,,unknown
Pension Bella,52.4978447,13.32495975,,unknown
Pension Berl Inn,52.60559845,13.31536961,,unknown
Pension Berlin Koepenick,52.45960999,13.588377,,Dammvorstadt
Pension Bigus,52.55430984,13.43290997,,unknown
Pension Bismarck,52.51081848,13.29891014,,unknown
Pension Bolle,52.46364975,13.37640953,,unknown
Pension Breitenfeldt Berlin,52.53036118,13.63576984,,Mahlsdorf Nord
Pension Brinn,52.51111984,13.31884956,,unknown
Pension Chic & Cheap,52.5221405,13.32493973,,unknown
Pension Dalg,52.43259811,13.32141018,,unknown
Pension Der Kretaner,52.45011902,13.25506973,,unknown
Pension Draheim,52.50907898,13.61511993,,unknown
Pension Edison 13,52.46334839,13.51406956,,unknown
Pension Flora,52.51541138,13.61740017,,unknown
Pension Friedrich Wilhelm,52.45864868,13.37769032,,unknown
Pension Funk,52.50112152,13.32742023,,unknown
Pension Galerie,52.5032196,13.38838005,,unknown
Pension Gasthaus Schlafgut,52.50782013,13.45685959,,unknown
Pension Guentzel,52.49053955,13.33351994,,unknown
Pension Haus Bielke,52.56172943,13.44925022,,unknown
Pension Haus Simone,52.43190002,13.26990032,,unknown
Pension Haus Werth,52.4093895,13.39251041,,unknown
Pension Hostel Staycomfort Am Kurfurstendamm,52.50017166,13.34948635,,unknown
Pension Hubertus,52.6063385,13.31601048,,unknown
Pension I,52.4927597,13.38943577,,unknown
Pension Kaffeefreunde,52.51779175,13.46860027,,Samariterviertel
Pension Knesebeck,52.50749969,13.32299042,,unknown
Pension Leo,52.4300766,13.47668171,,unknown
Pension Lette Eck,52.56340027,13.37728977,,unknown
Pension Levi,52.49951172,13.36544037,,unknown
Pension Lotti,52.51197433,13.44971085,,unknown
Pension Maas,52.61608124,13.46611023,,unknown
Pension Madchenkammer,52.53054047,13.40742016,,unknown
Pension Majesty Berlin Hotel,52.50320053,13.31210995,,unknown
Pension Marie,52.55065155,13.41129971,,Arnimkiez
Pension Marienburg,52.50696564,13.50277901,,Weitlingkiez
Pension Messe,52.50690079,13.29231834,,unknown
Pension Michael,52.54014969,13.40606976,,Kollwitzkiez
Pension mit Hafenblick,52.53915024,13.37265968,,unknown
Pension Mitte,52.53765106,13.39616013,,unknown
Pension Nomaden,52.60548019,13.31523037,,unknown
Pension Nuernberger Eck,52.50113678,13.33709621,,unknown
Pension Oase,52.45888138,13.38467979,,unknown
Pension Pamina,52.41547012,13.31908989,,Giesensdorf
Pension Parlamento,52.55022049,13.41736031,,Gleimviertel
Pension Piccolo,52.444561,13.37823009,,unknown
Pension Purwins,52.48308945,13.58880043,,unknown
Pension Puschkin Berlin,52.49900055,13.35762978,,unknown
Pension Rahnsdorf Muggelsee,52.43870926,13.69447994,,unknown
Pension Regenbogen,52.51816177,13.46508026,,Samariterviertel
Pension Regine Braun,52.54114914,13.35793018,,Sprengelkiez
Pension Schenk,52.58551025,13.41265011,,unknown
Pension Schubart,52.50782013,13.45685959,,unknown
Pension Schultze,52.42874146,13.36888981,,unknown
Pension Sena,52.50926971,13.18105984,,unknown
Pension Siedlereck,52.52685165,13.1800499,,unknown
Pension Spree Wedding,52.54180527,13.35063076,,Brüsseler Kiez
Pension Steinert,52.42987823,13.25739002,,unknown
Pension Stephan,52.49069977,13.32977009,,unknown
Pension Stuttgarter Eck,52.50544739,13.30211258,,unknown
Pension Thomas,52.48548889,13.35770035,,Rote Insel
Pension Ungelt,52.44467163,13.57511997,,unknown
Pension Varna,52.51033401,13.38477802,,unknown
Pension Wedding,52.55111313,13.36707306,,Leopoldkiez
Pension Zimmer des Westens,52.50268173,13.34329033,,unknown
Pension Zum Lichtenberger,52.50209808,13.4911499,,Weitlingkiez
Pension Zur Post,52.42076874,13.49075985,,unknown
Peter's Service,52.53813171,13.41862965,,Kollwitzkiez
Pfefferbett Apartments,52.53162384,13.41071892,,Kollwitzkiez
Pfefferbett Hostel,52.53475952,13.4111681,,Kollwitzkiez
Planet Berlin City Apartments,52.49533844,13.33388042,,unknown
Potsdamer Inn,52.49631119,13.3617382,,unknown
Premier Inn Berlin Airport Hotel,52.39630127,13.53962994,,unknown
Premier Inn Berlin Alexanderplatz hotel,52.52377319,13.41751289,,unknown
Premier Inn Berlin City Centre hotel,52.50397873,13.34700584,,Botschaftsviertel
Premier Inn Berlin City Wilmersdorf Hotel,52.4956665,13.33006001,,unknown
PREMIUM Hostel,52.5639267,13.32286453,,unknown
Prima Klima,52.5451889,13.4152298,,Helmholtzkiez
Prime Flats - Apartments am Schillerpark,52.55469894,13.34910011,,Englisches Viertel
Prime Flats - Apartments Nahe Prenzlauer Berg 23,52.5608902,13.38107014,,Soldiner Kiez
Primeflats  - Apartments im Friedrichshain,52.51397705,13.45914364,,Samariterviertel
Primeflats - Apartments Am Arnimplatz,52.55207062,13.41287994,,Arnimkiez
primeflats - Apartments Aroser Allee,52.56470871,13.35219002,,unknown
Primeflats - Apartments Halensee,52.49621964,13.28524017,,unknown
Primeflats - Apartments in Schoeneberg,52.48173141,13.36126041,,Rote Insel
Primeflats - Apartments in Wedding,52.54867935,13.35210037,,Brüsseler Kiez
Primeflats - Apartments Island Mauerpark,52.55186844,13.40091991,,Arnimkiez
Primeflats - Apartments Rostocker Huttenkiez,52.52944946,13.32688999,,unknown
Primeflats - Lofts am Flugfeld Tempelhof,52.46651459,13.38312054,,unknown
Private Rooms in Prenzlauerberg,52.52833939,13.42518044,,Winsviertel
Privates Loft Charlottenburg,52.51823044,13.28087044,,unknown
Profit Hotel,52.50830841,13.37712002,,unknown
Propeller Island City Lodge,52.49678421,13.3034296,,unknown
Q Damm Apartments,52.50003052,13.33152008,,unknown
Q! Apartments Berlin Alex,52.54125977,13.41456032,,Helmholtzkiez
Qbe Hotel Heizhaus Berlin,52.51466751,13.5262804,,Friedrichsfelde Ost
QuartierMommsen6 QM6,52.44239044,13.30049992,,unknown
Queen's Park & Queen's Garden Hotels,52.51470566,13.27995682,,unknown
Quentin Berlin Hotel,52.49899292,13.30882454,,unknown
Quentin Boutique Hotel,52.50687408,13.29461861,,unknown
Quentin Design hotel,52.49833679,13.34828186,,unknown
Quiet Apartments in Tempelhof,52.47266006,13.38397026,,Gartenstadt Neu-Tempelhof
Rübezahl Am Müggelsee,52.4263916,13.62915993,,unknown
"Radisson Collection Hotel, Berlin",52.51958084,13.4027586,,Spandauer Vorstadt
Raja Jooseppi Resort,52.53691864,13.39606667,,unknown
Real Appartements,52.53128052,13.40380955,,Spandauer Vorstadt
Regenbogen Hostel,52.49570084,13.42696953,,Luisenstadt
Rewari Hotel Berlin,52.50096512,13.387146,,unknown
Rheinsberg am SeeHotel,52.60248566,13.34852314,,unknown
Ringhotel Seehof Berlin,52.5069809,13.28885078,,unknown
RiSo Apartment 2,52.54735184,13.34712029,,Brüsseler Kiez
Riverside Am Tegel See,52.57442093,13.22484207,,Tegelort
Riverside Lodge Berlin,52.49417114,13.42506027,,Reuterkiez
RixHouse,52.47872162,13.43805981,,Donaukiez
Rixpack Hostel,52.48205948,13.4339304,,Donaukiez
Rockchair Apartments Charlottenburg,52.5109787,13.28872013,,unknown
Rock'n'Roll Herberge,52.50165558,13.43131161,,Luisenstadt
Room Berlin central,52.536129,13.43276405,,Winsviertel
RS Apartments,52.49884033,13.29944992,,unknown
Ruhepool Berlin,52.53181076,13.42319965,,Winsviertel
Ruhige Monteurzimmer In Berlin,52.47410965,13.56404018,,unknown
Ruhige Zimmer Im Grunen,52.42966843,13.48633957,,unknown
Ruhiges Zimmer am Waldrand,52.56312943,13.18148994,,unknown
Safestay Berlin Hotel,52.50033569,13.34298515,,unknown
Sana Berlin Residence,52.4989357,13.33407116,,unknown
SANA Berlin Residence,52.49901581,13.33467579,,unknown
Sandino Hostel,52.5378685,13.48253155,,unknown
Santa Dolores,52.55430984,13.43290997,,unknown
Savoy Hotel Berlin,52.50593185,13.32762909,,unknown
Schönstatt-Zentrum,52.64213943,13.28763008,,unknown
Schall und Rauch Stadthotel,52.54706955,13.41119671,,Gleimviertel
Schaper Apartment Berlin,52.51160812,13.39404011,,unknown
Schlafmeile Hostel,52.51083755,13.46873665,,Samariterviertel
Schoenhouse Berlin,52.52964401,13.40956116,,unknown
Schonhausser Pension,52.55215073,13.41193962,,Arnimkiez
Schulz Apartments,52.5467186,13.4098196,,Gleimviertel
Scube Park Columbia Berlin,52.47985458,13.41744614,,Schillerkiez
Seehotel Grunewald,52.49348831,13.19733143,,unknown
Select Hotel Style Berlin,52.52100754,13.32721043,,unknown
Selina Berlin Mitte,52.52858734,13.40910053,,Scheunenviertel
Selina Berlin West,52.49959946,13.31472015,,unknown
Seminar- und Gastehaus Flussbad Gartenstrasse,52.60404968,13.43039036,,unknown
Seminarhaus S1516,52.5382309,13.39842033,,unknown
SensCity Hotel Albergo,52.4897995,13.31185436,,unknown
SensCity Hotel Berlin Spandau,52.52913666,13.20984077,,unknown
Sevenrooms-Berlin,52.52360916,13.33207035,,unknown
Sezer B&A UG,52.44536972,13.52814007,,unknown
Sheraton Berlin Grand Hotel Esplanade,52.50567245,13.35484982,,Botschaftsviertel
Sickinger Hof,52.53319931,13.32800961,,unknown
Silence Home,52.48733139,13.43118,,Reuterkiez
Simon-Dach Apartments,52.51102066,13.45699978,,Samariterviertel
Sixmiles Guesthouse,52.51192093,13.38216209,,unknown
Sixties Apartments,52.52376175,13.39937019,,Spandauer Vorstadt
Sixties Young Apartments,52.5240593,13.39931774,,Spandauer Vorstadt
Sleep like Home Apartment,52.5173111,13.46490002,,Samariterviertel
Sleep Like Home Apartments,52.54174805,13.41535664,,Helmholtzkiez
SleepCheapHostel,52.51830292,13.28200531,,unknown
Smart Stay Hotel Berlin City,52.51371765,13.30518246,,unknown
Smarthostel Berlin,52.5475502,13.35286045,,Brüsseler Kiez
smartloft,52.53237534,13.40642166,,unknown
SMARTments business Berlin City West,52.50769043,13.32800007,,unknown
SMARTments Business Berlin Karlshorst,52.48058701,13.52557087,,unknown
Smartments Business Berlin Prenzl. Berg,52.53026199,13.45487118,,Blumenviertel
Soeht 7,52.43768311,13.30901814,,unknown
Soho House Berlin,52.52753067,13.41583824,,unknown
Solitaire Hotel,52.57668686,13.39339066,,unknown
Sophienhof,52.52568817,13.40098,,Spandauer Vorstadt
Soylent Lodge,52.51535034,13.4545002,,unknown
Space Night Capsule Hostel,52.5104866,13.3966608,,unknown
Specialplaceinberlin,52.59534836,13.35772991,,unknown
Spreepolis Boardinghaus,52.46083069,13.51991272,,unknown
St Christopher's Inn Berlin Mitte,52.52373123,13.39099026,,Spandauer Vorstadt
St. Oberholz Apartments,52.52947998,13.40184021,,Spandauer Vorstadt
Stadtraum Berlin Apartments 2,52.54512024,13.41584969,,Helmholtzkiez
Stadtraum-Berlin Apartments,52.54539108,13.41462994,,Helmholtzkiez
Stargarden Apartments,52.54685974,13.41773987,,Helmholtzkiez
Stars Berlin Apartments,52.52817154,13.33051014,,unknown
Stars Berlin Apartments Essener Strasse,52.52373886,13.33740997,,Westfälisches Viertel
Stars Berlin Apartments Zillestrasse,52.51332092,13.30418968,,unknown
Stars Guesthouse Berlin,52.49729538,13.34937954,,unknown
STAYERY Berlin Friedrichshain,52.50934982,13.46679974,,unknown
Steigenberger Hotel Am Kanzleramt,52.52360916,13.36803055,,unknown
Steigenberger Hotel Berlin,52.50250626,13.334939,,unknown
Steps Hotel Wedding,52.55213165,13.36054707,,Leopoldkiez
stilwerk Hotel KantGaragen,52.50590134,13.31195736,,unknown
Storage Apartment,52.49988937,13.44462013,,Luisenstadt
Studio Apartment,52.48746872,13.35498714,,Rote Insel
Studios Am Alexanderplatz,52.52228928,13.40501976,,Spandauer Vorstadt
Sunflower Hostel,52.50963974,13.44628906,,unknown
Sunshinehouse-Berlin,52.4792099,13.33973026,,unknown
Swissotel Berlin Am Kurfuerstendamm,52.50305939,13.33187962,,unknown
Tagungswerk Guesthouse,52.55704117,13.4699297,,unknown
Tauentzien Pension,52.50262833,13.33856964,,unknown
Tempelhof Pension,52.45697021,13.38619995,,unknown
The 5 Lofts,52.50107956,13.41662979,,Luisenstadt
The Circus Apartments,52.53094482,13.4054451,,Spandauer Vorstadt
The Circus Hotel,52.52951813,13.40123463,,Spandauer Vorstadt
The DUDE By Charly,52.51174927,13.41367626,,Luisenstadt
The Faces Berlin,52.49173737,13.29400826,,unknown
The Garden Guest Houze 2,52.49871826,13.43435955,,Luisenstadt
The Mandala Suites,52.51153564,13.38877583,,unknown
the niu Cab,52.51258087,13.43216038,,unknown
the niu Flash,52.51986313,13.32621193,,unknown
the niu Hide,52.51436615,13.47653198,,unknown
The Pirate Hostel,52.5195694,13.46269035,,Samariterviertel
Three Little Pigs Hostel,52.50326157,13.38587189,,unknown
Tillmanns-Haus,52.42375946,13.19808006,,unknown
Titanic Comfort Kurfürstendamm,52.50094986,13.34885025,,unknown
Titanic Comfort Kurfurstendamm,52.50083923,13.34844303,,unknown
Tom's Hotel,52.49808884,13.34909153,,unknown
Tom's House Berlin,52.49766159,13.34937954,,unknown
Top Concept Boardinghouse Berlin,52.50473022,13.32448006,,unknown
Top View & City Alex,52.52542114,13.42798996,,Barnimkiez
TopDomizil - Apartments 'Platz vor dem Neuen Tor',52.52880859,13.37930965,,unknown
TopDomizil Apartments Checkpoint Plaza,52.50934982,13.39181042,,unknown
TopDomizil Apartments Panorama Friedrichstrasse,52.52635574,13.38722229,,unknown
Touristenhaus Gruenau,52.41989899,13.58045959,,unknown
Town Apartments Checkpoint Charlie,52.50687408,13.38983822,,unknown
Townhouse Berlin,52.50840759,13.32433033,,unknown
Trendy Apartments,52.53123093,13.20246792,,unknown
Trendy Apartments,52.48186111,13.34895992,,unknown
Trio Apartment Hotel Berlin,52.51871109,13.52603245,,Friedrichsfelde Ost
Tu Casa Ferienwohnungen & Apartments,52.50428009,13.34331989,,Botschaftsviertel
U Inn Berlin Hostel,52.51329422,13.46937084,,Samariterviertel
Uebernachtung Berlin,52.50677109,13.31424046,,unknown
Uferpalais,52.54651642,13.21215057,,unknown
Upper Room Hotel Am Kurfurstendamm,52.49356079,13.35262012,,unknown
Urban Loft Berlin,52.53147507,13.36573029,,unknown
Urbn Dreams,52.53643036,13.42553997,,Winsviertel
Vannis Haus,52.53712845,13.42932034,,Winsviertel
Vienna House by Wyndham Andel's Berlin,52.5284996,13.45755482,,Blumenviertel
Viertelvier,52.4917717,13.43048,,Reuterkiez
Villa Amadeus Hotel,52.50154114,13.36468983,,Botschaftsviertel
Villa Blumenfisch am Großen Wannsee,52.4236412,13.17936039,,unknown
Villa Karlshorst,52.49378967,13.53131962,,unknown
Villa Wittenau,52.59165955,13.32664013,,unknown
Villa-Hufeland,52.63359833,13.50030994,,unknown
Villa-Seepark,52.48302841,13.51727962,,Prinzenviertel
Virage Hostel Pension,52.51131058,13.50209999,,unknown
Visage Appart,52.48178101,13.36271,,Rote Insel
Voltaire Apartments,52.51723862,13.41495037,,unknown
W22 Hotel Am Kurfürstendamm,52.38345718,13.41731644,,unknown
Waldhotel am See Berlin-Schmockwitz,52.36895752,13.65121937,,unknown
Waldhotel-Frohnau,52.64319992,13.30047989,,unknown
Waldrestaurant Mueggelhort,52.43217087,13.67673969,,unknown
Wallyard Concept Hostel,52.52761841,13.34523106,,unknown
Wamos Zentrum,52.48722839,13.42226028,,unknown
Wannsee Yacht,52.42163849,13.16707039,,unknown
Wassersport-Appartements Am Stossensee,52.51168823,13.21002007,,unknown
Weinert - Blick,52.54487991,13.43941975,,unknown
Welt der Boden,52.46310043,13.57660007,,unknown
Wil7 Boutique Hotel,52.50102615,13.38939285,,unknown
Wilmina Hotel,52.50706482,13.29746246,,unknown
Winterfeldt 10 Apartments,52.49634933,13.35986996,,unknown
Winterfeldt Berlin Apartments,52.49460983,13.35760021,,unknown
Wohnen and Wellness,52.4756012,13.32983971,,unknown
Wohnen im grunen Berlin,52.5418396,13.51194,,unknown
Wyndham Garden Berlin Mitte,52.55496216,13.38711357,,unknown
Xantener Eck Hotel,52.49905777,13.30767155,,unknown
Yggotel Spurv,52.49703979,13.30729008,,unknown
YMCA Youth Hostel Berlin,52.50146103,13.35389996,,unknown
Yoga2be Simons Place,52.6228714,13.32285404,,unknown
Zarenhof Berlin Mitte,52.53007126,13.38793087,,unknown
Zarenhof Prenzlauer Berg,52.54200745,13.41096592,,Helmholtzkiez
Zentrale Ruhige Ferienwohnung in Berlin,52.54919052,13.45855045,,Komponistenviertel
Zimmer Zentral In Berlin,52.56887054,13.3092804,,unknown
Zimmervermietung Berlin Mertens,52.56518936,13.21098042,,unknown
Zimmervermietung Berlin Spandau,52.51409149,13.17339039,,unknown
Zimmervermietung Hartig,52.5419693,13.35521984,,Sprengelkiez
Zur Gartenstadt,52.40343857,13.56754017,,Falkenberg
